exp_id,model_id,task,repeat,fold,fold_label,n_train,n_test,n_features,accuracy,balanced_accuracy,macro_f1,weighted_f1,macro_precision,macro_recall,support,n_classes,ovr_auc_macro,precision_normal,recall_normal,f1_normal,support_normal,precision_murmur,recall_murmur,f1_murmur,support_murmur,precision_extrastole,recall_extrastole,f1_extrastole,support_extrastole,brier,ece,fit_seconds,predict_seconds,planner_inner_best_score,planner_n_trials,planner_search_seconds,planner_tuning,params,note,planner_inner_scores
EXP-B2,M1,pascal_b,0,0,r0f0,369,92,138,0.5543478260869565,0.4844663742690058,0.4853420493664396,0.619694489027734,0.5571638025095472,0.4844663742690058,92.0,3.0,0.6638442736367013,0.8085106382978723,0.59375,0.6846846846846847,64.0,0.7692307692307693,0.5263157894736842,0.625,19.0,0.09375,0.3333333333333333,0.14634146341463414,9.0,0.6889232889015162,0.2875530906638245,4.618408,0.004445,0.483647,12.0,116.73,nested-bayes,"{""C"": 0.7455197939848914, ""l1_ratio"": 1.0, ""max_iter"": 5000, ""solver"": ""saga""}",bayes search inside this training fold,
EXP-B2,M1,pascal_b,0,1,r0f1,369,92,138,0.532608695652174,0.46689205653021437,0.43171669412804164,0.5626384100019622,0.43351736829997706,0.46689205653021437,92.0,3.0,0.6293309997049229,0.7608695652173914,0.546875,0.6363636363636364,64.0,0.42857142857142855,0.631578947368421,0.5106382978723404,19.0,0.1111111111111111,0.2222222222222222,0.14814814814814814,9.0,0.8292374686374163,0.4022285607203863,3.692528,0.003692,0.457422,12.0,88.85,nested-bayes,"{""C"": 321.6415736973637, ""l1_ratio"": 1.0, ""max_iter"": 1000, ""solver"": ""saga""}",bayes search inside this training fold,
EXP-B2,M1,pascal_b,0,2,r0f2,368,93,138,0.5913978494623656,0.5346491228070175,0.5032515793385358,0.6208568585847688,0.505377302436126,0.5346491228070175,93.0,3.0,0.6805334559900466,0.7843137254901961,0.625,0.6956521739130435,64.0,0.55,0.5789473684210527,0.5641025641025641,19.0,0.18181818181818182,0.4,0.25,10.0,0.7253893115591663,0.3430705237972708,0.123515,0.003056,0.466428,12.0,37.98,nested-bayes,"{""C"": 5.924085907759598, ""l1_ratio"": 0.0, ""max_iter"": 1000, ""solver"": ""lbfgs""}",bayes search inside this training fold,
EXP-B2,M1,pascal_b,0,3,r0f3,369,92,138,0.5760869565217391,0.5000609161793372,0.48386620991531065,0.6147341098933834,0.49515563801278084,0.5000609161793372,92.0,3.0,0.7199815084717166,0.7755102040816326,0.59375,0.672566371681416,64.0,0.6190476190476191,0.6842105263157895,0.65,19.0,0.09090909090909091,0.2222222222222222,0.12903225806451613,9.0,0.6114209093859972,0.2873808841127142,3.035123,0.003842,0.432672,12.0,98.32,nested-bayes,"{""C"": 5.316991390353499, ""l1_ratio"": 1.0, ""max_iter"": 1000, ""solver"": ""saga""}",bayes search inside this training fold,
EXP-B2,M1,pascal_b,0,4,r0f4,369,92,138,0.5760869565217391,0.45787646198830406,0.4478611811980189,0.5969840917955657,0.47242503259452406,0.45787646198830406,92.0,3.0,0.6551458845547443,0.7288135593220338,0.671875,0.6991869918699187,64.0,0.5384615384615384,0.3684210526315789,0.4375,19.0,0.15,0.3333333333333333,0.20689655172413793,9.0,0.6152213819025167,0.22015185084824912,3.135908,0.004155,0.425252,12.0,78.71,nested-bayes,"{""C"": 1.095960267094766, ""l1_ratio"": 1.0, ""max_iter"": 1000, ""solver"": ""saga""}",bayes search inside this training fold,
EXP-B2,M3,pascal_b,0,0,r0f0,369,92,138,0.7391304347826086,0.40350877192982454,0.39664378337147216,0.6576460053725998,0.5757575757575758,0.40350877192982454,92.0,3.0,0.6259487346997309,0.7272727272727273,1.0,0.8421052631578947,64.0,1.0,0.21052631578947367,0.34782608695652173,19.0,0.0,0.0,0.0,9.0,0.4172325830079639,0.06418550330204922,0.12687,0.059345,0.392702,12.0,9.44,nested-bayes,"{""C"": 486.27850415982226, ""class_weight"": null, ""gamma"": 0.01177502825262823}",bayes search inside this training fold,
EXP-B2,M3,pascal_b,0,1,r0f1,369,92,138,0.7065217391304348,0.36321271929824556,0.33511586452762926,0.6104394326900721,0.4581772784019975,0.36321271929824556,92.0,3.0,0.6569569189901479,0.7078651685393258,0.984375,0.8235294117647058,64.0,0.6666666666666666,0.10526315789473684,0.18181818181818182,19.0,0.0,0.0,0.0,9.0,0.4307956853410305,0.034519621956363544,0.123988,0.051916,0.389928,12.0,8.67,nested-bayes,"{""C"": 0.46458351349909793, ""class_weight"": ""balanced"", ""gamma"": 0.0001}",bayes search inside this training fold,
EXP-B2,M3,pascal_b,0,2,r0f2,368,93,138,0.7096774193548387,0.40542763157894735,0.39638743889303174,0.6391367914064024,0.44754901960784316,0.40542763157894735,93.0,3.0,0.6994414689709935,0.7176470588235294,0.953125,0.8187919463087249,64.0,0.625,0.2631578947368421,0.37037037037037035,19.0,0.0,0.0,0.0,10.0,0.42326783877700935,0.08096079554859684,0.132075,0.046858,0.390746,12.0,7.96,nested-bayes,"{""C"": 89.00792723361438, ""class_weight"": ""balanced"", ""gamma"": 0.01836794243749983}",bayes search inside this training fold,
EXP-B2,M3,pascal_b,0,3,r0f3,369,92,138,0.7608695652173914,0.45093201754385964,0.4566232899566233,0.6993297645471558,0.5416666666666666,0.45093201754385964,92.0,3.0,0.6098242408441975,0.75,0.984375,0.8513513513513513,64.0,0.875,0.3684210526315789,0.5185185185185185,19.0,0.0,0.0,0.0,9.0,0.4064824305509695,0.050363578106506546,0.138333,0.060993,0.398821,12.0,8.32,nested-bayes,"{""C"": 9.643857615941439, ""class_weight"": ""balanced"", ""gamma"": 0.016949768237884747}",bayes search inside this training fold,
EXP-B2,M3,pascal_b,0,4,r0f4,369,92,138,0.717391304347826,0.3807565789473684,0.36327231121281467,0.6305342751964979,0.4886363636363636,0.3807565789473684,92.0,3.0,0.6363066711777933,0.7159090909090909,0.984375,0.8289473684210527,64.0,0.75,0.15789473684210525,0.2608695652173913,19.0,0.0,0.0,0.0,9.0,0.4340910105152936,0.030952830911752188,0.143017,0.044918,0.39357,12.0,8.19,nested-bayes,"{""C"": 10.310748950062829, ""class_weight"": ""balanced"", ""gamma"": 0.018872566170724078}",bayes search inside this training fold,
EXP-B2,M4,pascal_b,0,0,r0f0,369,92,138,0.5869565217391305,0.4559271442495126,0.4467898459345359,0.6027087202053888,0.4447454844006568,0.4559271442495126,92.0,3.0,0.6914620572159434,0.7413793103448276,0.671875,0.7049180327868853,64.0,0.45,0.47368421052631576,0.46153846153846156,19.0,0.14285714285714285,0.2222222222222222,0.17391304347826086,9.0,0.5188866437333117,0.06689697025184947,0.735535,0.130338,0.450944,12.0,59.74,nested-bayes,"{""class_weight"": ""balanced_subsample"", ""max_depth"": 10, ""max_features"": 0.5, ""min_samples_leaf"": 9, ""n_estimators"": 135}",bayes search inside this training fold,
EXP-B2,M4,pascal_b,0,1,r0f1,369,92,138,0.6195652173913043,0.48388767056530213,0.47471254848371913,0.6262461133506293,0.4681818181818182,0.48388767056530213,92.0,3.0,0.6782430019556948,0.75,0.703125,0.7258064516129032,64.0,0.45454545454545453,0.5263157894736842,0.4878048780487805,19.0,0.2,0.2222222222222222,0.21052631578947367,9.0,0.5187246018305435,0.14766401672682225,3.981797,0.653912,0.432243,12.0,95.4,nested-bayes,"{""class_weight"": ""balanced_subsample"", ""max_depth"": null, ""max_features"": 0.3, ""min_samples_leaf"": 8, ""n_estimators"": 817}",bayes search inside this training fold,
EXP-B2,M4,pascal_b,0,2,r0f2,368,93,138,0.5913978494623656,0.409813596491228,0.41094017094017093,0.600253653156879,0.41256830601092903,0.409813596491228,93.0,3.0,0.6209197233087941,0.7377049180327869,0.703125,0.72,64.0,0.5,0.5263157894736842,0.5128205128205128,19.0,0.0,0.0,0.0,10.0,0.5257917224689718,0.0800366110945921,5.684578,0.676304,0.486076,12.0,76.17,nested-bayes,"{""class_weight"": ""balanced"", ""max_depth"": null, ""max_features"": 0.5, ""min_samples_leaf"": 3, ""n_estimators"": 759}",bayes search inside this training fold,
EXP-B2,M4,pascal_b,0,3,r0f3,369,92,138,0.6195652173913043,0.4449013157894737,0.42572062084257206,0.6216620071339053,0.4142372881355932,0.4449013157894737,92.0,3.0,0.6892238689525959,0.7627118644067796,0.703125,0.7317073170731707,64.0,0.48,0.631578947368421,0.5454545454545454,19.0,0.0,0.0,0.0,9.0,0.5229591565396031,0.13065429969755502,0.79513,0.181958,0.448875,12.0,78.91,nested-bayes,"{""class_weight"": null, ""max_depth"": 20, ""max_features"": ""sqrt"", ""min_samples_leaf"": 8, ""n_estimators"": 175}",bayes search inside this training fold,
EXP-B2,M4,pascal_b,0,4,r0f4,369,92,138,0.6304347826086957,0.3514254385964912,0.3442080378250591,0.5879124267653407,0.354978354978355,0.3514254385964912,92.0,3.0,0.5902866452592394,0.7012987012987013,0.84375,0.7659574468085106,64.0,0.36363636363636365,0.21052631578947367,0.26666666666666666,19.0,0.0,0.0,0.0,9.0,0.5175121793401961,0.11418576587772356,0.768989,0.283011,0.490385,12.0,61.97,nested-bayes,"{""class_weight"": ""balanced_subsample"", ""max_depth"": 10, ""max_features"": ""sqrt"", ""min_samples_leaf"": 4, ""n_estimators"": 190}",bayes search inside this training fold,
EXP-B2,M5,pascal_b,0,0,r0f0,369,92,138,0.75,0.47039473684210525,0.47972027972027975,0.7076771055031925,0.5258918296892982,0.47039473684210525,92.0,3.0,0.7198888677787103,0.759493670886076,0.9375,0.8391608391608392,64.0,0.8181818181818182,0.47368421052631576,0.6,19.0,0.0,0.0,0.0,9.0,0.39750011037634636,0.12574960896632634,6.336447,0.012064,0.447278,5.0,166.83,nested-bayes,"{""learning_rate"": 0.08884909929476544, ""max_depth"": 8, ""min_samples_leaf"": 20, ""n_estimators"": 139, ""subsample"": 0.6003115063364057}",bayes search inside this training fold,
EXP-B2,M5,pascal_b,0,1,r0f1,369,92,138,0.6739130434782609,0.409265350877193,0.4077380952380952,0.6369371118012422,0.4207152496626181,0.409265350877193,92.0,3.0,0.6684767418586007,0.7236842105263158,0.859375,0.7857142857142857,64.0,0.5384615384615384,0.3684210526315789,0.4375,19.0,0.0,0.0,0.0,9.0,0.44957294801301434,0.07686666639155967,67.118415,0.038568,0.441936,5.0,233.33,nested-bayes,"{""learning_rate"": 0.0031266912307463765, ""max_depth"": 7, ""min_samples_leaf"": 9, ""n_estimators"": 658, ""subsample"": 0.8387400631785948}",bayes search inside this training fold,
EXP-B2,M5,pascal_b,0,2,r0f2,368,93,138,0.5268817204301075,0.378563596491228,0.3735261546479057,0.5460945068199823,0.3752525252525252,0.378563596491228,93.0,3.0,0.6059591206095781,0.7090909090909091,0.609375,0.6554621848739496,64.0,0.4166666666666667,0.5263157894736842,0.46511627906976744,19.0,0.0,0.0,0.0,10.0,0.5453650587778973,0.08318853139073806,34.926805,0.0161,0.491243,5.0,220.82,nested-bayes,"{""learning_rate"": 0.002563578308271099, ""max_depth"": 3, ""min_samples_leaf"": 20, ""n_estimators"": 712, ""subsample"": 0.9406320391618699}",bayes search inside this training fold,
EXP-B2,M5,pascal_b,0,3,r0f3,369,92,138,0.7717391304347826,0.524975633528265,0.5496031746031746,0.7416537267080746,0.6306792622582097,0.524975633528265,92.0,3.0,0.68360582519306,0.7894736842105263,0.9375,0.8571428571428571,64.0,0.7692307692307693,0.5263157894736842,0.625,19.0,0.3333333333333333,0.1111111111111111,0.16666666666666666,9.0,0.41717028832947944,0.16820551538856945,4.552154,0.00635,0.422073,5.0,161.14,nested-bayes,"{""learning_rate"": 0.3992187955073186, ""max_depth"": 2, ""min_samples_leaf"": 1, ""n_estimators"": 114, ""subsample"": 0.954254750081434}",bayes search inside this training fold,
EXP-B2,M5,pascal_b,0,4,r0f4,369,92,138,0.6195652173913043,0.35855263157894735,0.35356714628297364,0.5850260009383798,0.3593162393162393,0.35855263157894735,92.0,3.0,0.5839102702552695,0.6933333333333334,0.8125,0.7482014388489209,64.0,0.38461538461538464,0.2631578947368421,0.3125,19.0,0.0,0.0,0.0,9.0,0.5548289847855805,0.16294079961640903,10.511186,0.010962,0.477674,5.0,174.02,nested-bayes,"{""learning_rate"": 0.0036313332781429046, ""max_depth"": 4, ""min_samples_leaf"": 15, ""n_estimators"": 236, ""subsample"": 0.7003765882528383}",bayes search inside this training fold,
EXP-B2,M6,pascal_b,0,0,r0f0,369,92,138,0.7717391304347826,0.456140350877193,0.4658406470487007,0.7088112500280578,0.5843137254901961,0.456140350877193,92.0,3.0,0.6810116096675184,0.7529411764705882,1.0,0.8590604026845637,64.0,1.0,0.3684210526315789,0.5384615384615384,19.0,0.0,0.0,0.0,9.0,0.4037969776034043,0.10666850656131494,9.996761,0.236694,,,236.01,nested-bayes,"{""members"": {""M3"": {""C"": 486.27850415982226, ""class_weight"": null, ""gamma"": 0.01177502825262823}, ""M4"": {""class_weight"": ""balanced_subsample"", ""max_depth"": 10, ""max_features"": 0.5, ""min_samples_leaf"": 9, ""n_estimators"": 135}, ""M5"": {""learning_rate"": 0.08884909929476544, ""max_depth"": 8, ""min_samples_leaf"": 20, ""n_estimators"": 139, ""subsample"": 0.6003115063364057}}}","bayes search inside this training fold, per member","{""M3"": 0.392702, ""M4"": 0.450944, ""M5"": 0.447278}"
EXP-B2,M6,pascal_b,0,1,r0f1,369,92,138,0.7391304347826086,0.40350877192982454,0.39664378337147216,0.6576460053725998,0.5757575757575758,0.40350877192982454,92.0,3.0,0.6960091466649376,0.7272727272727273,1.0,0.8421052631578947,64.0,1.0,0.21052631578947367,0.34782608695652173,19.0,0.0,0.0,0.0,9.0,0.4215152150301321,0.09016870408341557,104.833972,0.864353,,,337.4,nested-bayes,"{""members"": {""M3"": {""C"": 0.46458351349909793, ""class_weight"": ""balanced"", ""gamma"": 0.0001}, ""M4"": {""class_weight"": ""balanced_subsample"", ""max_depth"": null, ""max_features"": 0.3, ""min_samples_leaf"": 8, ""n_estimators"": 817}, ""M5"": {""learning_rate"": 0.0031266912307463765, ""max_depth"": 7, ""min_samples_leaf"": 9, ""n_estimators"": 658, ""subsample"": 0.8387400631785948}}}","bayes search inside this training fold, per member","{""M3"": 0.389928, ""M4"": 0.432243, ""M5"": 0.441936}"
EXP-B2,M6,pascal_b,0,2,r0f2,368,93,138,0.7419354838709677,0.4457236842105263,0.4459459459459459,0.6787271142109852,0.5052910052910052,0.4457236842105263,93.0,3.0,0.6289221947632586,0.7380952380952381,0.96875,0.8378378378378378,64.0,0.7777777777777778,0.3684210526315789,0.5,19.0,0.0,0.0,0.0,10.0,0.42811283426825025,0.10573409642203957,74.452655,0.785514,,,304.94,nested-bayes,"{""members"": {""M3"": {""C"": 89.00792723361438, ""class_weight"": ""balanced"", ""gamma"": 0.01836794243749983}, ""M4"": {""class_weight"": ""balanced"", ""max_depth"": null, ""max_features"": 0.5, ""min_samples_leaf"": 3, ""n_estimators"": 759}, ""M5"": {""learning_rate"": 0.002563578308271099, ""max_depth"": 3, ""min_samples_leaf"": 20, ""n_estimators"": 712, ""subsample"": 0.9406320391618699}}}","bayes search inside this training fold, per member","{""M3"": 0.390746, ""M4"": 0.486076, ""M5"": 0.491243}"
EXP-B2,M6,pascal_b,0,3,r0f3,369,92,138,0.75,0.42105263157894735,0.4214495952906549,0.6757426336500624,0.578544061302682,0.42105263157894735,92.0,3.0,0.6867731176864679,0.735632183908046,1.0,0.847682119205298,64.0,1.0,0.2631578947368421,0.4166666666666667,19.0,0.0,0.0,0.0,9.0,0.39778662866742254,0.043852710626960056,9.605077,0.246304,,,248.37,nested-bayes,"{""members"": {""M3"": {""C"": 9.643857615941439, ""class_weight"": ""balanced"", ""gamma"": 0.016949768237884747}, ""M4"": {""class_weight"": null, ""max_depth"": 20, ""max_features"": ""sqrt"", ""min_samples_leaf"": 8, ""n_estimators"": 175}, ""M5"": {""learning_rate"": 0.3992187955073186, ""max_depth"": 2, ""min_samples_leaf"": 1, ""n_estimators"": 114, ""subsample"": 0.954254750081434}}}","bayes search inside this training fold, per member","{""M3"": 0.398821, ""M4"": 0.448875, ""M5"": 0.422073}"
EXP-B2,M6,pascal_b,0,4,r0f4,369,92,138,0.7282608695652174,0.3859649122807018,0.369776193305605,0.6383076287168359,0.5730337078651685,0.3859649122807018,92.0,3.0,0.6206226187279071,0.7191011235955056,1.0,0.8366013071895425,64.0,1.0,0.15789473684210525,0.2727272727272727,19.0,0.0,0.0,0.0,9.0,0.43622092797840434,0.038444115037463776,20.487581,0.28175,,,244.18,nested-bayes,"{""members"": {""M3"": {""C"": 10.310748950062829, ""class_weight"": ""balanced"", ""gamma"": 0.018872566170724078}, ""M4"": {""class_weight"": ""balanced_subsample"", ""max_depth"": 10, ""max_features"": ""sqrt"", ""min_samples_leaf"": 4, ""n_estimators"": 190}, ""M5"": {""learning_rate"": 0.0036313332781429046, ""max_depth"": 4, ""min_samples_leaf"": 15, ""n_estimators"": 236, ""subsample"": 0.7003765882528383}}}","bayes search inside this training fold, per member","{""M3"": 0.39357, ""M4"": 0.490385, ""M5"": 0.477674}"
EXP-B2,M7,pascal_b,0,0,r0f0,369,92,138,0.782608695652174,0.47368421052631576,0.48581915248581914,0.7240283762022893,0.5873015873015873,0.47368421052631576,92.0,3.0,0.681181550877926,0.7619047619047619,1.0,0.8648648648648649,64.0,1.0,0.42105263157894735,0.5925925925925926,19.0,0.0,0.0,0.0,9.0,0.4047343289688801,0.1331127962830426,33.129903,0.320252,,,236.01,nested-bayes,"{""members"": {""M3"": {""C"": 486.27850415982226, ""class_weight"": null, ""gamma"": 0.01177502825262823}, ""M4"": {""class_weight"": ""balanced_subsample"", ""max_depth"": 10, ""max_features"": 0.5, ""min_samples_leaf"": 9, ""n_estimators"": 135}, ""M5"": {""learning_rate"": 0.08884909929476544, ""max_depth"": 8, ""min_samples_leaf"": 20, ""n_estimators"": 139, ""subsample"": 0.6003115063364057}}}","bayes search inside this training fold, per member","{""M3"": 0.392702, ""M4"": 0.450944, ""M5"": 0.447278}"
EXP-B2,M7,pascal_b,0,1,r0f1,369,92,138,0.7282608695652174,0.41063596491228066,0.40561004990535193,0.658363448631905,0.4812324929971989,0.41063596491228066,92.0,3.0,0.699518957119893,0.7294117647058823,0.96875,0.8322147651006712,64.0,0.7142857142857143,0.2631578947368421,0.38461538461538464,19.0,0.0,0.0,0.0,9.0,0.4377669864075609,0.13927768242574465,292.911396,0.88211,,,337.4,nested-bayes,"{""members"": {""M3"": {""C"": 0.46458351349909793, ""class_weight"": ""balanced"", ""gamma"": 0.0001}, ""M4"": {""class_weight"": ""balanced_subsample"", ""max_depth"": null, ""max_features"": 0.3, ""min_samples_leaf"": 8, ""n_estimators"": 817}, ""M5"": {""learning_rate"": 0.0031266912307463765, ""max_depth"": 7, ""min_samples_leaf"": 9, ""n_estimators"": 658, ""subsample"": 0.8387400631785948}}}","bayes search inside this training fold, per member","{""M3"": 0.389928, ""M4"": 0.432243, ""M5"": 0.441936}"
EXP-B2,M7,pascal_b,0,2,r0f2,368,93,138,0.5913978494623656,0.409813596491228,0.41094017094017093,0.600253653156879,0.41256830601092903,0.409813596491228,93.0,3.0,0.6209197233087941,0.7377049180327869,0.703125,0.72,64.0,0.5,0.5263157894736842,0.5128205128205128,19.0,0.0,0.0,0.0,10.0,0.5257917224689718,0.08003661109459208,218.743793,0.77853,,,304.94,nested-bayes,"{""members"": {""M3"": {""C"": 89.00792723361438, ""class_weight"": ""balanced"", ""gamma"": 0.01836794243749983}, ""M4"": {""class_weight"": ""balanced"", ""max_depth"": null, ""max_features"": 0.5, ""min_samples_leaf"": 3, ""n_estimators"": 759}, ""M5"": {""learning_rate"": 0.002563578308271099, ""max_depth"": 3, ""min_samples_leaf"": 20, ""n_estimators"": 712, ""subsample"": 0.9406320391618699}}}","bayes search inside this training fold, per member","{""M3"": 0.390746, ""M4"": 0.486076, ""M5"": 0.491243}"
EXP-B2,M7,pascal_b,0,3,r0f3,369,92,138,0.75,0.42105263157894735,0.4214495952906549,0.6757426336500624,0.578544061302682,0.42105263157894735,92.0,3.0,0.6672799853612732,0.735632183908046,1.0,0.847682119205298,64.0,1.0,0.2631578947368421,0.4166666666666667,19.0,0.0,0.0,0.0,9.0,0.39664409270011974,0.045186927403030396,35.163176,0.246889,,,248.37,nested-bayes,"{""members"": {""M3"": {""C"": 9.643857615941439, ""class_weight"": ""balanced"", ""gamma"": 0.016949768237884747}, ""M4"": {""class_weight"": null, ""max_depth"": 20, ""max_features"": ""sqrt"", ""min_samples_leaf"": 8, ""n_estimators"": 175}, ""M5"": {""learning_rate"": 0.3992187955073186, ""max_depth"": 2, ""min_samples_leaf"": 1, ""n_estimators"": 114, ""subsample"": 0.954254750081434}}}","bayes search inside this training fold, per member","{""M3"": 0.398821, ""M4"": 0.448875, ""M5"": 0.422073}"
EXP-B2,M7,pascal_b,0,4,r0f4,369,92,138,0.7282608695652174,0.3859649122807018,0.369776193305605,0.6383076287168359,0.5730337078651685,0.3859649122807018,92.0,3.0,0.6079642557280082,0.7191011235955056,1.0,0.8366013071895425,64.0,1.0,0.15789473684210525,0.2727272727272727,19.0,0.0,0.0,0.0,9.0,0.4402614736818479,0.07893723823104669,66.536719,0.302833,,,244.18,nested-bayes,"{""members"": {""M3"": {""C"": 10.310748950062829, ""class_weight"": ""balanced"", ""gamma"": 0.018872566170724078}, ""M4"": {""class_weight"": ""balanced_subsample"", ""max_depth"": 10, ""max_features"": ""sqrt"", ""min_samples_leaf"": 4, ""n_estimators"": 190}, ""M5"": {""learning_rate"": 0.0036313332781429046, ""max_depth"": 4, ""min_samples_leaf"": 15, ""n_estimators"": 236, ""subsample"": 0.7003765882528383}}}","bayes search inside this training fold, per member","{""M3"": 0.39357, ""M4"": 0.490385, ""M5"": 0.477674}"
