method,model_id,task,outer_fold,repeat,fold,objective,trial,score,score_std,n_inner_folds,seconds,status,inner_accuracy,inner_balanced_accuracy,inner_f1,inner_sensitivity,inner_specificity,inner_fold_0_score,inner_fold_1_score,inner_fold_2_score,inner_fold_0_accuracy,inner_fold_0_balanced_accuracy,inner_fold_0_f1,inner_fold_0_sensitivity,inner_fold_0_specificity,inner_fold_1_accuracy,inner_fold_1_balanced_accuracy,inner_fold_1_f1,inner_fold_1_sensitivity,inner_fold_1_specificity,inner_fold_2_accuracy,inner_fold_2_balanced_accuracy,inner_fold_2_f1,inner_fold_2_sensitivity,inner_fold_2_specificity,param_C,param_class_weight,param_gamma,message,best_so_far,param_max_depth,param_max_features,param_min_samples_leaf,param_n_estimators,param_learning_rate,param_subsample
bayes,M3,binary,r0f0,0,0,balanced_accuracy,0,0.713107,0.047075,3,1.7112,ok,0.868492,0.71349,0.584653,0.450281,0.976699,0.654143,0.715821,0.769356,0.851981,0.654143,0.468619,0.32,0.988287,0.858621,0.715821,0.580205,0.472222,0.95942,0.894798,0.769356,0.685121,0.55618,0.982533,96.09812947036423,,0.0008263688714158015,,0.713107,,,,,,
bayes,M3,binary,r0f0,0,0,balanced_accuracy,1,0.804118,0.021928,3,3.4878,ok,0.880447,0.804459,0.699029,0.675422,0.933495,0.773788,0.824879,0.813687,0.88345,0.773788,0.673203,0.588571,0.959004,0.865517,0.824879,0.699229,0.755556,0.894203,0.892486,0.813687,0.722388,0.679775,0.947598,9.643857615941439,balanced,0.016949768237884747,,0.804118,,,,,,
bayes,M3,binary,r0f0,0,0,balanced_accuracy,2,0.778757,0.02758,3,2.1079,ok,0.878905,0.77915,0.674274,0.609756,0.948544,0.74177,0.807971,0.786529,0.876457,0.74177,0.629371,0.514286,0.969253,0.871264,0.807971,0.692308,0.7,0.915942,0.889017,0.786529,0.694268,0.61236,0.960699,1.9780827689353788,balanced,0.004661686413912771,,0.804118,,,,,,
bayes,M3,binary,r0f0,0,0,balanced_accuracy,3,0.72127,0.024169,3,2.4516,ok,0.860393,0.721605,0.588636,0.485929,0.957282,0.687555,0.742995,0.733261,0.857809,0.687555,0.534351,0.4,0.97511,0.852874,0.742995,0.609756,0.555556,0.930435,0.87052,0.733261,0.613793,0.5,0.966521,17.965626423790667,,0.0001914511128571072,,0.804118,,,,,,
bayes,M3,binary,r0f0,0,0,balanced_accuracy,4,0.689364,0.04309,3,1.7673,ok,0.859236,0.689585,0.539723,0.401501,0.97767,0.646304,0.673551,0.748238,0.84965,0.646304,0.451064,0.302857,0.989751,0.843678,0.673551,0.50365,0.383333,0.963768,0.884393,0.748238,0.647887,0.516854,0.979622,492.9053648241689,,0.00010090061869151568,,0.804118,,,,,,
bayes,M3,binary,r0f0,0,0,balanced_accuracy,5,0.739098,0.019112,3,5.5502,ok,0.861936,0.739265,0.612554,0.530957,0.947573,0.731592,0.765338,0.720365,0.863636,0.731592,0.60339,0.508571,0.954612,0.865517,0.765338,0.646526,0.594444,0.936232,0.856647,0.720365,0.583893,0.488764,0.951965,12.229467525390618,balanced,0.11435780278433413,,0.804118,,,,,,
bayes,M3,binary,r0f0,0,0,balanced_accuracy,6,0.716221,0.020697,3,5.6236,ok,0.858851,0.716462,0.580275,0.474672,0.958252,0.69452,0.744082,0.710061,0.851981,0.69452,0.541516,0.428571,0.960469,0.864368,0.744082,0.621795,0.538889,0.949275,0.860116,0.710061,0.572438,0.455056,0.965066,0.013041036943413018,balanced,0.042060390579019995,,0.804118,,,,,,
bayes,M3,binary,r0f0,0,0,balanced_accuracy,7,0.5,0.0,3,7.186,ok,0.794447,0.5,0.0,0.0,1.0,0.5,0.5,0.5,0.796037,0.5,0.0,0.0,1.0,0.793103,0.5,0.0,0.0,1.0,0.79422,0.5,0.0,0.0,1.0,0.017113085338473895,balanced,7.392266140516068,,0.804118,,,,,,
bayes,M3,binary,r0f0,0,0,balanced_accuracy,8,0.733838,0.017057,3,5.4488,ok,0.864636,0.73401,0.608696,0.512195,0.955825,0.723823,0.75785,0.719841,0.864802,0.723823,0.594406,0.485714,0.961933,0.866667,0.75785,0.639752,0.572222,0.943478,0.862428,0.719841,0.588235,0.477528,0.962154,0.028381292701126725,balanced,0.12357483710912182,,0.804118,,,,,,
bayes,M3,binary,r0f0,0,0,balanced_accuracy,9,0.796994,0.021747,3,3.954,ok,0.874663,0.797341,0.68599,0.666041,0.928641,0.766609,0.816304,0.808069,0.878788,0.766609,0.660131,0.577143,0.956076,0.855172,0.816304,0.681818,0.75,0.882609,0.890173,0.808069,0.714715,0.668539,0.947598,824.43121909051,,0.021568228019263995,,0.804118,,,,,,
bayes,M3,binary,r0f0,0,0,balanced_accuracy,10,0.795883,0.026343,3,2.7276,ok,0.885075,0.796245,0.697769,0.645403,0.947087,0.765288,0.829589,0.792773,0.88345,0.765288,0.66443,0.565714,0.964861,0.882759,0.829589,0.722826,0.738889,0.92029,0.889017,0.792773,0.7,0.629213,0.956332,1000.0,,0.010936815429663543,,0.804118,,,,,,
bayes,M3,binary,r0f0,0,0,balanced_accuracy,11,0.504894,0.001486,3,5.6903,ok,0.795604,0.5049,0.02214,0.011257,0.998544,0.505714,0.506159,0.502809,0.798368,0.505714,0.022599,0.011429,1.0,0.793103,0.506159,0.032258,0.016667,0.995652,0.795376,0.502809,0.011173,0.005618,1.0,1000.0,,0.49808228077928585,,0.804118,,,,,,
bayes,M3,binary,r0f0,0,0,balanced_accuracy,12,0.756252,0.036389,3,1.8727,ok,0.880833,0.756721,0.653199,0.545966,0.967476,0.705501,0.78901,0.774246,0.869464,0.705501,0.572519,0.428571,0.98243,0.877011,0.78901,0.682493,0.638889,0.93913,0.895954,0.774246,0.691781,0.567416,0.981077,15.485905365297457,,0.0022605867935468066,,0.804118,,,,,,
bayes,M3,binary,r0f0,0,0,balanced_accuracy,13,0.756542,0.023514,3,5.2102,ok,0.851138,0.756807,0.622309,0.596623,0.91699,0.73086,0.751087,0.787678,0.862471,0.73086,0.601351,0.508571,0.953148,0.810345,0.751087,0.586466,0.65,0.852174,0.880925,0.787678,0.685015,0.629213,0.946143,0.01829519085121575,balanced,0.007350106908376151,,0.804118,,,,,,
bayes,M3,binary,r0f0,0,0,balanced_accuracy,14,0.670373,0.030676,3,5.3345,ok,0.809101,0.670549,0.483837,0.435272,0.905825,0.645806,0.651691,0.713622,0.825175,0.645806,0.444444,0.342857,0.948755,0.786207,0.651691,0.449704,0.422222,0.881159,0.816185,0.713622,0.547009,0.539326,0.887918,0.01,balanced,0.0001,,0.804118,,,,,,
bayes,M3,binary,r0f0,0,0,balanced_accuracy,15,0.80036,0.024746,3,3.3538,ok,0.880062,0.800739,0.695397,0.666041,0.935437,0.767413,0.827053,0.806613,0.88345,0.767413,0.666667,0.571429,0.963397,0.868966,0.827053,0.704663,0.755556,0.898551,0.887861,0.806613,0.710448,0.668539,0.944687,1000.0,,0.01562004317172455,,0.804118,,,,,,
bayes,M3,binary,r0f0,0,0,balanced_accuracy,16,0.71658,0.037365,3,5.5287,ok,0.822985,0.716836,0.554801,0.536585,0.897087,0.685877,0.694686,0.769176,0.844988,0.685877,0.523297,0.417143,0.954612,0.782759,0.694686,0.509091,0.544444,0.844928,0.841618,0.769176,0.626703,0.646067,0.892285,0.01,,0.0011740606930696828,,0.804118,,,,,,
bayes,M3,binary,r0f0,0,0,balanced_accuracy,17,0.739642,0.027583,3,5.444,ok,0.863093,0.739993,0.614549,0.530957,0.949029,0.700895,0.762923,0.755107,0.851981,0.700895,0.551237,0.445714,0.956076,0.855172,0.762923,0.633721,0.605556,0.92029,0.882081,0.755107,0.653061,0.539326,0.970888,0.01,,0.016124096705880962,,0.804118,,,,,,
bayes,M3,binary,r0f0,0,0,balanced_accuracy,18,0.7971,0.024349,3,3.282,ok,0.87929,0.797472,0.691626,0.658537,0.936408,0.767413,0.827053,0.796833,0.88345,0.767413,0.666667,0.571429,0.963397,0.868966,0.827053,0.704663,0.755556,0.898551,0.885549,0.796833,0.699088,0.646067,0.947598,83.31272358603177,,0.01460569876146315,,0.804118,,,,,,
bayes,M3,binary,r0f0,0,0,balanced_accuracy,19,0.801296,0.025017,3,3.2747,ok,0.880447,0.801677,0.696673,0.667917,0.935437,0.767413,0.827053,0.809422,0.88345,0.767413,0.666667,0.571429,0.963397,0.868966,0.827053,0.704663,0.755556,0.898551,0.889017,0.809422,0.714286,0.674157,0.944687,1000.0,balanced,0.01608679458427887,,0.804118,,,,,,
bayes,M3,binary,r0f0,0,0,balanced_accuracy,20,0.78779,0.014772,3,4.6072,ok,0.866564,0.788072,0.668582,0.654784,0.921359,0.76727,0.801449,0.794649,0.876457,0.76727,0.658065,0.582857,0.951684,0.841379,0.801449,0.656716,0.733333,0.869565,0.882081,0.794649,0.692771,0.646067,0.943231,4.402822353842876,balanced,0.03270376549802307,,0.804118,,,,,,
bayes,M3,binary,r0f0,0,0,balanced_accuracy,21,0.802798,0.01414,3,2.9853,ok,0.880447,0.803068,0.697856,0.67167,0.934466,0.783823,0.817754,0.806818,0.889277,0.783823,0.690554,0.605714,0.961933,0.857471,0.817754,0.685279,0.75,0.885507,0.894798,0.806818,0.72,0.657303,0.956332,1.1898409495926598,balanced,0.012899842912327736,,0.804118,,,,,,
bayes,M3,binary,r0f0,0,0,balanced_accuracy,22,0.500952,0.001347,3,5.4926,ok,0.794832,0.500938,0.003745,0.001876,1.0,0.502857,0.5,0.5,0.797203,0.502857,0.011364,0.005714,1.0,0.793103,0.5,0.0,0.0,1.0,0.79422,0.5,0.0,0.0,1.0,0.01,balanced,0.5466583465242435,,0.804118,,,,,,
bayes,M3,binary,r0f0,0,0,balanced_accuracy,23,0.754274,0.028799,3,1.9081,ok,0.879676,0.754602,0.649438,0.542214,0.96699,0.72968,0.794686,0.738457,0.874126,0.72968,0.611511,0.485714,0.973646,0.882759,0.794686,0.694611,0.644444,0.944928,0.882081,0.738457,0.633094,0.494382,0.982533,1000.0,balanced,0.003891717607923115,,0.804118,,,,,,
bayes,M3,binary,r0f0,0,0,balanced_accuracy,24,0.773396,0.020506,3,5.4349,ok,0.859236,0.773725,0.647343,0.628518,0.918932,0.74786,0.798068,0.774259,0.862471,0.74786,0.621795,0.554286,0.941435,0.842529,0.798068,0.654912,0.722222,0.873913,0.872832,0.774259,0.662577,0.606742,0.941776,1000.0,balanced,0.05314798562782038,,0.804118,,,,,,
bayes,M3,binary,r0f0,0,0,balanced_accuracy,25,0.5,0.0,3,7.2051,ok,0.794447,0.5,0.0,0.0,1.0,0.5,0.5,0.5,0.796037,0.5,0.0,0.0,1.0,0.793103,0.5,0.0,0.0,1.0,0.79422,0.5,0.0,0.0,1.0,1000.0,balanced,10.0,,0.804118,,,,,,
bayes,M3,binary,r0f0,0,0,balanced_accuracy,26,0.678439,0.036315,3,5.3544,ok,0.808716,0.67865,0.495935,0.457786,0.899515,0.65086,0.65471,0.729748,0.829837,0.65086,0.455224,0.348571,0.953148,0.774713,0.65471,0.452514,0.45,0.85942,0.821965,0.729748,0.569832,0.573034,0.886463,0.011725469873935865,,0.0003637904254604832,,0.804118,,,,,,
bayes,M3,binary,r0f0,0,0,balanced_accuracy,27,0.805059,0.020969,3,2.4474,ok,0.888546,0.805384,0.71013,0.664165,0.946602,0.77818,0.829348,0.807648,0.890443,0.77818,0.686667,0.588571,0.967789,0.875862,0.829348,0.714286,0.75,0.908696,0.899422,0.807648,0.727273,0.651685,0.96361,5.4357328488726395,balanced,0.009664057657450847,,0.805059,,,,,,
bayes,M3,binary,r0f0,0,0,balanced_accuracy,28,0.687035,0.049571,3,1.8521,ok,0.858851,0.687257,0.535533,0.395872,0.978641,0.639126,0.666667,0.755311,0.844988,0.639126,0.434043,0.291429,0.986823,0.842529,0.666667,0.490706,0.366667,0.966667,0.889017,0.755311,0.661972,0.52809,0.982533,963.1081892185489,,0.0002881998442117343,,0.805059,,,,,,
bayes,M3,binary,r0f0,0,0,balanced_accuracy,29,0.776606,0.025445,3,2.1597,ok,0.883147,0.776952,0.677316,0.596623,0.957282,0.744627,0.806884,0.778307,0.877622,0.744627,0.634146,0.52,0.969253,0.87931,0.806884,0.700855,0.683333,0.930435,0.892486,0.778307,0.69103,0.58427,0.972344,37.941970915170245,balanced,0.0068393657166363215,,0.805059,,,,,,
bayes,M3,binary,r0f0,0,0,balanced_accuracy,30,0.789705,0.011833,3,5.0247,ok,0.867335,0.789948,0.671128,0.658537,0.921359,0.772985,0.798671,0.797458,0.878788,0.772985,0.666667,0.594286,0.951684,0.84023,0.798671,0.653367,0.727778,0.869565,0.883237,0.797458,0.696697,0.651685,0.943231,63.926249674442886,balanced,0.0360540652548834,,0.805059,,,,,,
bayes,M3,binary,r0f0,0,0,balanced_accuracy,31,0.792635,0.022354,3,2.6419,ok,0.876591,0.792992,0.684418,0.651032,0.934951,0.763091,0.81715,0.797663,0.879953,0.763091,0.657807,0.565714,0.960469,0.85977,0.81715,0.687179,0.744444,0.889855,0.890173,0.797663,0.705882,0.640449,0.954876,0.7793513663575714,,0.008312543003892201,,0.805059,,,,,,
bayes,M3,binary,r0f0,0,0,balanced_accuracy,32,0.785575,0.02297,3,3.4697,ok,0.865407,0.785953,0.665388,0.651032,0.920874,0.753717,0.807005,0.796003,0.871795,0.753717,0.638158,0.554286,0.953148,0.843678,0.807005,0.663366,0.744444,0.869565,0.880925,0.796003,0.692537,0.651685,0.94032,0.1930885219326843,balanced,0.0023373696479561975,,0.805059,,,,,,
bayes,M3,binary,r0f0,0,0,balanced_accuracy,33,0.758785,0.0209,3,2.9118,ok,0.859236,0.759122,0.632427,0.589118,0.929126,0.729467,0.776691,0.770199,0.863636,0.729467,0.600683,0.502857,0.956076,0.837931,0.776691,0.631854,0.672222,0.881159,0.876301,0.770199,0.662461,0.589888,0.950509,0.6825698152829647,balanced,0.0011145325027380928,,0.805059,,,,,,
bayes,M3,binary,r0f0,0,0,balanced_accuracy,34,0.761411,0.024769,3,5.4736,ok,0.853452,0.76174,0.62963,0.606004,0.917476,0.735557,0.794807,0.753868,0.84965,0.735557,0.595611,0.542857,0.928258,0.847126,0.794807,0.656331,0.705556,0.884058,0.863584,0.753868,0.63125,0.567416,0.94032,1.1440765200857375,balanced,0.06486387439876501,,0.805059,,,,,,
bayes,M3,binary,r0f0,0,0,balanced_accuracy,35,0.805669,0.025762,3,2.9079,ok,0.887389,0.806046,0.709163,0.667917,0.944175,0.773859,0.836957,0.806192,0.886946,0.773859,0.677741,0.582857,0.964861,0.878161,0.836957,0.722513,0.766667,0.907246,0.89711,0.806192,0.722741,0.651685,0.960699,6.080853138876636,,0.012310376665498595,,0.805669,,,,,,
bayes,M3,binary,r0f0,0,0,balanced_accuracy,36,0.740498,0.039583,3,5.3958,ok,0.833398,0.740774,0.590133,0.58349,0.898058,0.708003,0.717271,0.79622,0.853147,0.708003,0.5625,0.462857,0.953148,0.782759,0.717271,0.535627,0.605556,0.828986,0.86474,0.79622,0.674095,0.679775,0.912664,0.011386284963545457,balanced,0.003333362493985582,,0.805669,,,,,,
bayes,M3,binary,r0f0,0,0,balanced_accuracy,37,0.756503,0.021474,3,3.7068,ok,0.851138,0.756807,0.622309,0.596623,0.91699,0.726467,0.767633,0.775408,0.855478,0.726467,0.589404,0.508571,0.944363,0.833333,0.767633,0.619423,0.655556,0.87971,0.86474,0.775408,0.654867,0.623596,0.92722,2.2729852007005324,,0.00010131752239323808,,0.805669,,,,,,
bayes,M3,binary,r0f0,0,0,balanced_accuracy,38,0.703948,0.035089,3,1.7413,ok,0.864636,0.704109,0.567201,0.43152,0.976699,0.706162,0.745773,0.659908,0.867133,0.706162,0.571429,0.434286,0.978038,0.873563,0.745773,0.633333,0.527778,0.963768,0.853179,0.659908,0.481633,0.331461,0.988355,991.1061363124861,balanced,0.0016268463567225527,,0.805669,,,,,,
bayes,M3,binary,r0f0,0,0,balanced_accuracy,39,0.798013,0.009865,3,3.6906,ok,0.873891,0.798246,0.685879,0.669794,0.926699,0.784484,0.807729,0.801825,0.886946,0.784484,0.688103,0.611429,0.95754,0.844828,0.807729,0.665012,0.744444,0.871014,0.890173,0.801825,0.70948,0.651685,0.951965,0.6274924492658965,balanced,0.021079853504409118,,0.805669,,,,,,
bayes,M4,binary,r0f0,0,0,balanced_accuracy,0,0.846413,0.01174,3,35.6821,ok,0.875434,0.846502,0.724638,0.797373,0.895631,0.851449,0.830193,0.857596,0.905594,0.851449,0.766571,0.76,0.942899,0.821839,0.830193,0.662309,0.844444,0.815942,0.899422,0.857596,0.762943,0.786517,0.928675,,balanced_subsample,,,0.846413,,0.3,8.0,817.0,,
bayes,M4,binary,r0f0,0,0,balanced_accuracy,1,0.840232,0.013777,3,3.8438,ok,0.878905,0.840342,0.724561,0.774859,0.905825,0.840092,0.82343,0.857175,0.904429,0.840092,0.757396,0.731429,0.948755,0.824138,0.82343,0.659243,0.822222,0.824638,0.908671,0.857175,0.776204,0.769663,0.944687,,balanced_subsample,,,0.846413,10.0,sqrt,4.0,190.0,,
bayes,M4,binary,r0f0,0,0,balanced_accuracy,2,0.83684,0.017868,3,3.2342,ok,0.862322,0.836859,0.703242,0.793621,0.880097,0.846183,0.811836,0.852502,0.890443,0.846183,0.741758,0.771429,0.920937,0.805747,0.811836,0.636559,0.822222,0.801449,0.891329,0.852502,0.748663,0.786517,0.918486,,,,,0.846413,20.0,sqrt,9.0,151.0,,
bayes,M4,binary,r0f0,0,0,balanced_accuracy,3,0.836204,0.010697,3,13.3014,ok,0.895874,0.836419,0.743833,0.73546,0.937379,0.821698,0.839734,0.847178,0.905594,0.821698,0.746082,0.68,0.963397,0.85977,0.839734,0.703883,0.805556,0.873913,0.922543,0.847178,0.79257,0.719101,0.975255,,balanced_subsample,,,0.846413,20.0,sqrt,1.0,656.0,,
bayes,M4,binary,r0f0,0,0,balanced_accuracy,4,0.835759,0.0184,3,8.3792,ok,0.857308,0.83579,0.697218,0.79925,0.87233,0.843987,0.810266,0.853025,0.886946,0.843987,0.735695,0.771429,0.916545,0.8,0.810266,0.631356,0.827778,0.792754,0.885549,0.853025,0.741514,0.797753,0.908297,,balanced,,,0.846413,,sqrt,10.0,460.0,,
bayes,M4,binary,r0f0,0,0,balanced_accuracy,5,0.82773,0.027312,3,8.835,ok,0.815658,0.827656,0.654124,0.84803,0.807282,0.832813,0.792029,0.858348,0.825175,0.832813,0.663677,0.845714,0.819912,0.767816,0.792029,0.59761,0.833333,0.750725,0.854335,0.858348,0.709677,0.865169,0.851528,,,,,0.846413,5.0,log2,10.0,657.0,,
bayes,M4,binary,r0f0,0,0,balanced_accuracy,6,0.843017,0.012572,3,53.3313,ok,0.884304,0.843045,0.733096,0.772983,0.913107,0.852253,0.825242,0.851557,0.910256,0.852253,0.774194,0.754286,0.95022,0.836782,0.825242,0.671296,0.805556,0.844928,0.906358,0.851557,0.769231,0.758427,0.944687,,balanced_subsample,,,0.846413,10.0,0.5,1.0,712.0,,
bayes,M4,binary,r0f0,0,0,balanced_accuracy,7,0.840423,0.004737,3,8.8014,ok,0.887003,0.840572,0.734842,0.761726,0.919417,0.83877,0.835628,0.846871,0.909091,0.83877,0.763636,0.72,0.95754,0.84023,0.835628,0.681922,0.827778,0.843478,0.912139,0.846871,0.775148,0.735955,0.957787,,,,,0.846413,,sqrt,3.0,447.0,,
bayes,M4,binary,r0f0,0,0,balanced_accuracy,8,0.83707,0.01241,3,10.424,ok,0.883918,0.837239,0.728584,0.757974,0.916505,0.829467,0.827174,0.85457,0.904429,0.829467,0.75,0.702857,0.956076,0.833333,0.827174,0.669704,0.816667,0.837681,0.914451,0.85457,0.783626,0.752809,0.956332,,balanced,,,0.846413,30.0,log2,3.0,649.0,,
bayes,M4,binary,r0f0,0,0,balanced_accuracy,9,0.843622,0.011155,3,35.8787,ok,0.884304,0.84374,0.73357,0.774859,0.912621,0.842288,0.830676,0.857903,0.907925,0.842288,0.764179,0.731429,0.953148,0.835632,0.830676,0.67426,0.822222,0.83913,0.909827,0.857903,0.778409,0.769663,0.946143,,balanced,,,0.846413,10.0,0.3,3.0,780.0,,
bayes,M4,binary,r0f0,0,0,balanced_accuracy,10,0.842105,0.019444,3,9.8659,ok,0.851909,0.842127,0.696203,0.825516,0.858738,0.855344,0.814614,0.856357,0.888112,0.855344,0.744681,0.8,0.910688,0.787356,0.814614,0.626263,0.861111,0.768116,0.880925,0.856357,0.737913,0.814607,0.898108,,balanced_subsample,,,0.846413,5.0,0.3,10.0,268.0,,
bayes,M4,binary,r0f0,0,0,balanced_accuracy,11,0.843938,0.015162,3,39.0167,ok,0.869263,0.844009,0.715842,0.801126,0.886893,0.850646,0.822947,0.858222,0.900932,0.850646,0.759207,0.765714,0.935578,0.810345,0.822947,0.648188,0.844444,0.801449,0.89711,0.858222,0.760108,0.792135,0.924309,,balanced_subsample,,,0.846413,30.0,0.3,10.0,954.0,,
bayes,M4,binary,r0f0,0,0,balanced_accuracy,12,0.842116,0.015846,3,7.6461,ok,0.878519,0.842186,0.725371,0.780488,0.903883,0.84727,0.820652,0.858426,0.909091,0.84727,0.769231,0.742857,0.951684,0.822989,0.820652,0.65625,0.816667,0.824638,0.904046,0.858426,0.770083,0.780899,0.935953,,balanced_subsample,,,0.846413,20.0,0.3,5.0,158.0,,
bayes,M4,binary,r0f0,0,0,balanced_accuracy,13,0.843734,0.012959,3,46.3833,ok,0.880062,0.843852,0.728384,0.782364,0.90534,0.841485,0.829106,0.86061,0.903263,0.841485,0.756598,0.737143,0.945827,0.829885,0.829106,0.668161,0.827778,0.830435,0.907514,0.86061,0.776536,0.780899,0.94032,,,,,0.846413,,0.3,5.0,995.0,,
bayes,M4,binary,r0f0,0,0,balanced_accuracy,14,0.842814,0.01681,3,7.5793,ok,0.859622,0.842809,0.704545,0.814259,0.871359,0.861129,0.820531,0.846781,0.893939,0.861129,0.756032,0.805714,0.916545,0.8,0.820531,0.639004,0.855556,0.785507,0.885549,0.846781,0.737401,0.780899,0.912664,,,,,0.846413,5.0,0.5,1.0,128.0,,
bayes,M4,binary,r0f0,0,0,balanced_accuracy,15,0.843749,0.014283,3,64.0614,ok,0.870035,0.8438,0.716569,0.79925,0.88835,0.8557,0.823671,0.851876,0.905594,0.8557,0.769231,0.771429,0.939971,0.811494,0.823671,0.649573,0.844444,0.802899,0.893642,0.851876,0.751351,0.780899,0.922853,,,,,0.846413,,0.5,9.0,997.0,,
bayes,M4,binary,r0f0,0,0,balanced_accuracy,16,0.843749,0.014283,3,63.3097,ok,0.870035,0.8438,0.716569,0.79925,0.88835,0.8557,0.823671,0.851876,0.905594,0.8557,0.769231,0.771429,0.939971,0.811494,0.823671,0.649573,0.844444,0.802899,0.893642,0.851876,0.751351,0.780899,0.922853,,balanced,,,0.846413,20.0,0.5,9.0,993.0,,
bayes,M4,binary,r0f0,0,0,balanced_accuracy,17,0.844843,0.021943,3,5.9781,ok,0.856151,0.844797,0.702314,0.825516,0.864078,0.864648,0.814251,0.855629,0.892774,0.864648,0.756614,0.817143,0.912152,0.796552,0.814251,0.632017,0.844444,0.784058,0.879769,0.855629,0.736041,0.814607,0.896652,,balanced,,,0.846413,5.0,0.5,10.0,109.0,,
bayes,M4,binary,r0f0,0,0,balanced_accuracy,18,0.842499,0.014467,3,39.9322,ok,0.868106,0.842586,0.713568,0.79925,0.885922,0.847057,0.822947,0.857494,0.898601,0.847057,0.753541,0.76,0.934114,0.810345,0.822947,0.648188,0.844444,0.801449,0.895954,0.857494,0.758065,0.792135,0.922853,,balanced,,,0.846413,20.0,0.3,10.0,987.0,,
bayes,M4,binary,r0f0,0,0,balanced_accuracy,19,0.830439,0.019614,3,15.4967,ok,0.829927,0.830378,0.667671,0.831144,0.829612,0.842472,0.802778,0.846066,0.847319,0.842472,0.690307,0.834286,0.850659,0.781609,0.802778,0.613821,0.838889,0.766667,0.861272,0.846066,0.708738,0.820225,0.871907,,,,,0.846413,5.0,sqrt,1.0,999.0,,
bayes,M4,binary,r0f0,0,0,balanced_accuracy,20,0.841866,0.018957,3,6.649,ok,0.866949,0.841858,0.711779,0.79925,0.884466,0.858486,0.815338,0.851774,0.903263,0.858486,0.767507,0.782857,0.934114,0.808046,0.815338,0.64086,0.827778,0.802899,0.890173,0.851774,0.746667,0.786517,0.917031,,,,,0.846413,10.0,0.5,10.0,101.0,,
bayes,M4,binary,r0f0,0,0,balanced_accuracy,21,0.842819,0.024714,3,28.1441,ok,0.858465,0.842776,0.703314,0.816135,0.869417,0.865522,0.808454,0.85448,0.900932,0.865522,0.768392,0.805714,0.925329,0.787356,0.808454,0.621677,0.844444,0.772464,0.887861,0.85448,0.745407,0.797753,0.911208,,,,,0.846413,5.0,0.3,1.0,796.0,,
bayes,M4,binary,r0f0,0,0,balanced_accuracy,22,0.828509,0.016916,3,2.4553,ok,0.845739,0.828508,0.680511,0.79925,0.857767,0.840184,0.804589,0.840754,0.874126,0.840184,0.717277,0.782857,0.897511,0.794253,0.804589,0.623158,0.822222,0.786957,0.869364,0.840754,0.713924,0.792135,0.889374,,balanced_subsample,,,0.846413,20.0,log2,10.0,136.0,,
bayes,M4,binary,r0f0,0,0,balanced_accuracy,23,0.838953,0.012735,3,4.9781,ok,0.87582,0.839096,0.72,0.776735,0.901456,0.834307,0.826208,0.856345,0.898601,0.834307,0.744868,0.725714,0.942899,0.825287,0.826208,0.662222,0.827778,0.824638,0.904046,0.856345,0.768802,0.775281,0.937409,,balanced,,,0.846413,,0.3,7.0,103.0,,
bayes,M4,binary,r0f0,0,0,balanced_accuracy,24,0.842724,0.009775,3,9.4244,ok,0.886232,0.842868,0.735426,0.769231,0.916505,0.837306,0.83442,0.856447,0.90676,0.837306,0.759036,0.72,0.954612,0.844828,0.83442,0.685315,0.816667,0.852174,0.907514,0.856447,0.774011,0.769663,0.943231,,balanced,,,0.846413,,0.5,3.0,110.0,,
bayes,M4,binary,r0f0,0,0,balanced_accuracy,25,0.840367,0.012066,3,8.2483,ok,0.873506,0.840421,0.718213,0.78424,0.896602,0.848521,0.823309,0.849271,0.900932,0.848521,0.757835,0.76,0.937042,0.82069,0.823309,0.656388,0.827778,0.818841,0.899422,0.849271,0.75766,0.764045,0.934498,,balanced_subsample,,,0.846413,,0.5,6.0,109.0,,
bayes,M4,binary,r0f0,0,0,balanced_accuracy,26,0.828356,0.016983,3,2.3053,ok,0.851138,0.828429,0.685668,0.789869,0.86699,0.831826,0.806039,0.847202,0.881119,0.831826,0.71978,0.748571,0.915081,0.796552,0.806039,0.625793,0.822222,0.789855,0.876301,0.847202,0.726343,0.797753,0.896652,,balanced,,,0.846413,,log2,8.0,112.0,,
bayes,M4,binary,r0f0,0,0,balanced_accuracy,27,0.836949,0.009671,3,84.4242,ok,0.885847,0.837062,0.730909,0.754221,0.919903,0.835181,0.826087,0.849578,0.90676,0.835181,0.757576,0.714286,0.956076,0.841379,0.826087,0.676056,0.8,0.852174,0.909827,0.849578,0.773256,0.747191,0.951965,,,,,0.846413,30.0,0.5,2.0,995.0,,
bayes,M4,binary,r0f0,0,0,balanced_accuracy,28,0.8439,0.012173,3,12.3322,ok,0.895874,0.844068,0.749071,0.756098,0.932039,0.830931,0.84058,0.860188,0.90676,0.830931,0.754601,0.702857,0.959004,0.864368,0.84058,0.70936,0.8,0.881159,0.916763,0.860188,0.790698,0.764045,0.956332,,balanced_subsample,,,0.846413,30.0,0.3,1.0,210.0,,
bayes,M4,binary,r0f0,0,0,balanced_accuracy,29,0.840209,0.011193,3,2.4366,ok,0.884304,0.840263,0.731183,0.765478,0.915049,0.848735,0.824396,0.847497,0.911422,0.848735,0.77381,0.742857,0.954612,0.832184,0.824396,0.666667,0.811111,0.837681,0.909827,0.847497,0.77193,0.741573,0.953421,,balanced_subsample,,,0.846413,30.0,sqrt,3.0,102.0,,
bayes,M4,binary,r0f0,0,0,balanced_accuracy,30,0.836558,0.01349,3,51.5576,ok,0.892017,0.836773,0.738806,0.742964,0.930583,0.819502,0.837681,0.852489,0.902098,0.819502,0.73913,0.68,0.959004,0.85977,0.837681,0.702439,0.8,0.875362,0.914451,0.852489,0.782353,0.747191,0.957787,,balanced_subsample,,,0.846413,30.0,0.3,1.0,919.0,,
bayes,M4,binary,r0f0,0,0,balanced_accuracy,31,0.840605,0.014729,3,5.0049,ok,0.867335,0.84071,0.711409,0.795497,0.885922,0.845003,0.820773,0.856038,0.902098,0.845003,0.757225,0.748571,0.941435,0.806897,0.820773,0.644068,0.844444,0.797101,0.893642,0.856038,0.754011,0.792135,0.919942,,,,,0.846413,30.0,0.3,10.0,105.0,,
bayes,M4,binary,r0f0,0,0,balanced_accuracy,32,0.846834,0.015812,3,24.1531,ok,0.871577,0.846857,0.720403,0.804878,0.888835,0.859218,0.824517,0.856766,0.904429,0.859218,0.769663,0.782857,0.935578,0.816092,0.824517,0.65368,0.838889,0.810145,0.894798,0.856766,0.756032,0.792135,0.921397,,balanced,,,0.846834,30.0,0.5,10.0,383.0,,
bayes,M4,binary,r0f0,0,0,balanced_accuracy,33,0.841061,0.022568,3,28.7298,ok,0.854609,0.841044,0.698159,0.818011,0.864078,0.858272,0.809179,0.855732,0.892774,0.858272,0.752688,0.8,0.916545,0.788506,0.809179,0.622951,0.844444,0.773913,0.883237,0.855732,0.74036,0.808989,0.902475,,balanced,,,0.846834,5.0,0.5,10.0,555.0,,
bayes,M4,binary,r0f0,0,0,balanced_accuracy,34,0.836794,0.010973,3,11.1582,ok,0.887775,0.836885,0.733272,0.750469,0.923301,0.836645,0.82343,0.850306,0.909091,0.836645,0.762195,0.714286,0.959004,0.843678,0.82343,0.67619,0.788889,0.857971,0.910983,0.850306,0.77551,0.747191,0.953421,,balanced,,,0.846834,30.0,0.5,2.0,124.0,,
bayes,M4,binary,r0f0,0,0,balanced_accuracy,35,0.844182,0.016092,3,59.097,ok,0.868492,0.844219,0.715121,0.803002,0.885437,0.857093,0.821498,0.853957,0.904429,0.857093,0.768362,0.777143,0.937042,0.808046,0.821498,0.645435,0.844444,0.798551,0.893642,0.853957,0.752688,0.786517,0.921397,,balanced,,,0.846834,30.0,0.5,10.0,942.0,,
bayes,M4,binary,r0f0,0,0,balanced_accuracy,36,0.835324,0.017207,3,16.9313,ok,0.857694,0.835337,0.697293,0.797373,0.873301,0.847576,0.81099,0.847407,0.889277,0.847576,0.741144,0.777143,0.918009,0.801149,0.81099,0.632696,0.827778,0.794203,0.883237,0.847407,0.734908,0.786517,0.908297,,,,,0.846834,30.0,sqrt,10.0,977.0,,
bayes,M4,binary,r0f0,0,0,balanced_accuracy,37,0.829775,0.012616,3,15.6411,ok,0.880062,0.829945,0.718552,0.744841,0.915049,0.821556,0.820169,0.847599,0.898601,0.821556,0.735562,0.691429,0.951684,0.828736,0.820169,0.660592,0.805556,0.834783,0.913295,0.847599,0.777448,0.735955,0.959243,,,,,0.846834,10.0,log2,1.0,995.0,,
bayes,M4,binary,r0f0,0,0,balanced_accuracy,38,0.844911,0.015447,3,8.353,ok,0.869649,0.844948,0.716918,0.803002,0.886893,0.855629,0.823068,0.856038,0.902098,0.855629,0.764045,0.777143,0.934114,0.813793,0.823068,0.650862,0.838889,0.807246,0.893642,0.856038,0.754011,0.792135,0.919942,,balanced_subsample,,,0.846834,30.0,0.5,10.0,123.0,,
bayes,M4,binary,r0f0,0,0,balanced_accuracy,39,0.838123,0.016619,3,52.664,ok,0.858851,0.838151,0.700491,0.803002,0.873301,0.852629,0.814855,0.846884,0.893939,0.852629,0.750685,0.782857,0.922401,0.794253,0.814855,0.630928,0.85,0.77971,0.889017,0.846884,0.741935,0.775281,0.918486,,,,,0.846834,5.0,0.5,2.0,987.0,,
bayes,M5,binary,r0f0,0,0,balanced_accuracy,0,0.84115,0.007457,3,267.1191,ok,0.88816,0.8413,0.736842,0.761726,0.920874,0.836645,0.835145,0.851659,0.909091,0.836645,0.762195,0.714286,0.959004,0.845977,0.835145,0.686916,0.816667,0.853623,0.909827,0.851659,0.774566,0.752809,0.950509,,,,,0.84115,7.0,,9.0,658.0,0.0031266912307463765,0.8387400631785948
bayes,M5,binary,r0f0,0,0,balanced_accuracy,1,0.836236,0.018438,3,34.0759,ok,0.864636,0.836229,0.70529,0.787992,0.884466,0.852771,0.810507,0.845428,0.900932,0.852771,0.760563,0.771429,0.934114,0.806897,0.810507,0.636364,0.816667,0.804348,0.886705,0.845428,0.737968,0.775281,0.915575,,,,,0.84115,4.0,,13.0,170.0,0.0173579720185871,0.6571467271687763
bayes,M5,binary,r0f0,0,0,balanced_accuracy,2,0.832172,0.005738,3,42.5144,ok,0.891631,0.832359,0.735156,0.731707,0.93301,0.824556,0.838406,0.833554,0.90676,0.824556,0.75,0.685714,0.963397,0.86092,0.838406,0.704156,0.8,0.876812,0.907514,0.833554,0.759036,0.707865,0.959243,,,,,0.84115,8.0,,20.0,139.0,0.08884909929476544,0.6003115063364057
bayes,M5,binary,r0f0,0,0,balanced_accuracy,3,0.839463,0.003274,3,336.6362,ok,0.894331,0.83962,0.743925,0.746717,0.932524,0.835252,0.843237,0.8399,0.910256,0.835252,0.763077,0.708571,0.961933,0.862069,0.843237,0.708738,0.811111,0.875362,0.910983,0.8399,0.768769,0.719101,0.960699,,,,,0.84115,8.0,,9.0,712.0,0.006770471801765905,0.8711793820564322
bayes,M5,binary,r0f0,0,0,balanced_accuracy,4,0.843029,0.006728,3,161.3528,ok,0.905515,0.843182,0.762367,0.737336,0.949029,0.83393,0.845169,0.849987,0.914918,0.83393,0.769716,0.697143,0.970717,0.878161,0.845169,0.728205,0.788889,0.901449,0.923699,0.849987,0.796296,0.724719,0.975255,,,,,0.843029,7.0,,4.0,499.0,0.09323453822421686,0.634483377656865
bayes,M5,binary,r0f0,0,0,balanced_accuracy,5,0.846453,0.018824,3,57.6165,ok,0.86425,0.846417,0.711948,0.816135,0.876699,0.863255,0.820169,0.855936,0.893939,0.863255,0.757333,0.811429,0.915081,0.809195,0.820169,0.645299,0.838889,0.801449,0.890173,0.855936,0.74934,0.797753,0.914119,,,,,0.846453,2.0,,20.0,532.0,0.01831652669337469,0.6622684228490661
bayes,M5,binary,r0f0,0,0,balanced_accuracy,6,0.837451,0.019558,3,112.241,ok,0.89356,0.837744,0.741573,0.742964,0.932524,0.810128,0.854831,0.847395,0.893939,0.810128,0.72,0.668571,0.951684,0.88046,0.854831,0.737374,0.811111,0.898551,0.906358,0.847395,0.766571,0.747191,0.947598,,,,,0.846453,2.0,,10.0,799.0,0.1963068423025073,0.8415004307375379
bayes,M5,binary,r0f0,0,0,balanced_accuracy,7,0.831537,0.009174,3,34.7282,ok,0.885075,0.831709,0.726103,0.741088,0.92233,0.820824,0.830556,0.843232,0.897436,0.820824,0.733333,0.691429,0.95022,0.851724,0.830556,0.689157,0.794444,0.866667,0.906358,0.843232,0.763848,0.735955,0.950509,,,,,0.846453,4.0,,1.0,108.0,0.16739105210129054,0.9812299682303465
bayes,M5,binary,r0f0,0,0,balanced_accuracy,8,0.82481,0.011177,3,139.6778,ok,0.847667,0.824854,0.679643,0.786116,0.863592,0.835202,0.8093,0.829927,0.87296,0.835202,0.712401,0.771429,0.898975,0.791954,0.8093,0.625259,0.838889,0.77971,0.878613,0.829927,0.716981,0.747191,0.912664,,,,,0.846453,5.0,,10.0,411.0,0.001029330695920902,0.9134905875297951
bayes,M5,binary,r0f0,0,0,balanced_accuracy,9,0.840175,0.009339,3,71.8337,ok,0.902044,0.840303,0.755299,0.73546,0.945146,0.83027,0.83756,0.852694,0.909091,0.83027,0.757764,0.697143,0.963397,0.875862,0.83756,0.720207,0.772222,0.902899,0.921387,0.852694,0.793939,0.735955,0.969432,,,,,0.846453,7.0,,3.0,590.0,0.4824726036609992,0.7278777521108434
bayes,M5,binary,r0f0,0,0,balanced_accuracy,10,0.840299,0.009638,3,81.8471,ok,0.900116,0.84048,0.752627,0.739212,0.941748,0.826681,0.846618,0.847599,0.90676,0.826681,0.751553,0.691429,0.961933,0.88046,0.846618,0.731959,0.788889,0.904348,0.913295,0.847599,0.777448,0.735955,0.959243,,,,,0.846453,4.0,,12.0,265.0,0.3251481174855557,0.967084789366699
bayes,M5,binary,r0f0,0,0,balanced_accuracy,11,0.832464,0.017428,3,67.9124,ok,0.860008,0.832621,0.697752,0.786116,0.879126,0.823255,0.817271,0.856868,0.877622,0.823255,0.709141,0.731429,0.915081,0.804598,0.817271,0.639831,0.838889,0.795652,0.898266,0.856868,0.76087,0.786517,0.92722,,,,,0.846453,5.0,,20.0,322.0,0.0019969665738191053,0.6167418025938507
bayes,M5,binary,r0f0,0,0,balanced_accuracy,12,0.828025,0.010526,3,84.6465,ok,0.893945,0.828252,0.735322,0.716698,0.939806,0.813198,0.836594,0.834282,0.905594,0.813198,0.73955,0.657143,0.969253,0.867816,0.836594,0.710327,0.783333,0.889855,0.908671,0.834282,0.761329,0.707865,0.960699,,,,,0.846453,8.0,,2.0,222.0,0.003510227989577288,0.672044221748975
bayes,M5,binary,r0f0,0,0,balanced_accuracy,13,0.840215,0.011847,3,54.923,ok,0.890089,0.840427,0.738772,0.756098,0.924757,0.823681,0.846135,0.850829,0.898601,0.823681,0.73716,0.697143,0.95022,0.866667,0.846135,0.715686,0.811111,0.881159,0.905202,0.850829,0.767045,0.758427,0.943231,,,,,0.846453,2.0,,3.0,381.0,0.1719408453822738,0.8489809364032059
bayes,M5,binary,r0f0,0,0,balanced_accuracy,14,0.837981,0.013217,3,116.7466,ok,0.902044,0.838217,0.753876,0.729831,0.946602,0.819573,0.85,0.844369,0.905594,0.819573,0.744479,0.674286,0.964861,0.87931,0.85,0.732824,0.8,0.9,0.921387,0.844369,0.78882,0.713483,0.975255,,,,,0.846453,7.0,,20.0,307.0,0.22736326863443018,0.9151375513813644
