configuration,outer_fold,repeat,fold,model_id,n_features,j,fit_predict_seconds,n_train,n_test,accuracy,balanced_accuracy,sensitivity,specificity,precision,f1,mcc,roc_auc,pr_auc,tp,fp,tn,fn,support,n_positive,n_negative,macro_f1,n_selected,term_performance,term_features,term_time,normalized_features,normalized_inference_time,families
all_features,r0f0,0,0,M4,138,0.4509666666666666,5.9668660999741405,2593,647,0.848531684698609,0.8090761988820241,0.7424242424242424,0.8757281553398059,0.6049382716049383,0.6666666666666666,0.5749866504511496,,,98.0,64.0,451.0,34.0,647.0,132.0,515.0,0.7843333333333333,138,0.15096666666666667,0.2,0.1,1.0,1.0,chroma;dwt;envelope;frequency;mfcc;time
all_features,r0f1,0,1,M4,138,0.3871679316888046,5.601647100003902,2589,651,0.9231950844854071,0.8548962152487081,0.7388059701492538,0.9709864603481625,0.868421052631579,0.7983870967741935,0.7550739123866418,,,99.0,15.0,502.0,35.0,651.0,134.0,517.0,0.8754743833017078,138,0.08716793168880455,0.2,0.1,1.0,1.0,chroma;dwt;envelope;frequency;mfcc;time
all_features,r0f2,0,2,M4,138,0.42608053974277893,5.669383500004187,2596,644,0.8990683229813664,0.7803297471839055,0.5801526717557252,0.9805068226120858,0.8837209302325582,0.7004608294930875,0.6634790074786145,,,76.0,10.0,503.0,55.0,644.0,131.0,513.0,0.8198849432246016,138,0.12608053974277889,0.2,0.1,1.0,1.0,chroma;dwt;envelope;frequency;mfcc;time
all_features,r0f3,0,3,M4,138,0.41561464507811585,5.0180694999871776,2585,655,0.8916030534351145,0.8321449708311022,0.7299270072992701,0.9343629343629344,0.746268656716418,0.7380073800738007,0.6697482372640895,,,100.0,34.0,484.0,37.0,655.0,137.0,518.0,0.8348362213169773,138,0.11561464507811586,0.2,0.1,1.0,1.0,chroma;dwt;envelope;frequency;mfcc;time
all_features,r0f4,0,4,M4,138,0.3974614107627109,4.724515100009739,2597,643,0.9020217729393468,0.8930328602099237,0.8778625954198473,0.908203125,0.7098765432098766,0.7849829351535836,0.7292886260429821,,,115.0,47.0,465.0,16.0,643.0,131.0,512.0,0.8607694131961272,138,0.09746141076271095,0.2,0.1,1.0,1.0,chroma;dwt;envelope;frequency;mfcc;time
selected_subset,r0f0,0,0,M4,20,0.2805853602237008,2.3971641999669373,2593,647,0.8438948995363215,0.8146145925272139,0.7651515151515151,0.8640776699029126,0.5906432748538012,0.6666666666666666,0.5750398028505851,,,101.0,70.0,445.0,31.0,647.0,132.0,515.0,0.7823747056844937,20,0.15233770602085436,0.028985507246376815,0.09926214695646964,0.14492753623188406,0.9926214695646963,dwt;frequency;mfcc;time
selected_subset,r0f1,0,1,M4,20,0.2275204313016474,2.452431399957277,2589,651,0.9078341013824884,0.8535177112503247,0.7611940298507462,0.9458413926499033,0.7846153846153846,0.7727272727272727,0.7150695840537366,,,102.0,28.0,489.0,32.0,651.0,134.0,517.0,0.8574619022595902,20,0.09977666841828686,0.028985507246376815,0.09875825563698372,0.14492753623188406,0.9875825563698372,chroma;dwt;mfcc;time
selected_subset,r0f2,0,2,M4,20,0.24113133191256644,2.4713721000007354,2596,644,0.90527950310559,0.8098075978750948,0.648854961832061,0.9707602339181286,0.85,0.7359307359307359,0.6886791592563833,,,85.0,15.0,498.0,46.0,644.0,131.0,513.0,0.8391101172558126,20,0.11262291792093114,0.028985507246376815,0.09952290674525849,0.14492753623188406,0.9952290674525848,chroma;dwt;frequency;mfcc;time
selected_subset,r0f3,0,3,M4,20,0.24809631174854713,2.3837447999976575,2585,655,0.8839694656488549,0.8380562522898289,0.7591240875912408,0.916988416988417,0.7074829931972789,0.7323943661971831,0.6591034852608427,,,104.0,43.0,475.0,33.0,655.0,137.0,518.0,0.8291601460615545,20,0.11958789775691182,0.028985507246376815,0.09952290674525849,0.14492753623188406,0.9952290674525848,chroma;dwt;frequency;mfcc;time
selected_subset,r0f4,0,4,M4,20,0.22419293780115912,2.4325898000388406,2597,643,0.9035769828926905,0.8968496541030535,0.8854961832061069,0.908203125,0.7116564417177914,0.7891156462585034,0.7348728611742237,,,116.0,47.0,465.0,15.0,643.0,131.0,512.0,0.8633078231292517,20,0.0956845238095238,0.028985507246376815,0.09952290674525849,0.14492753623188406,0.9952290674525848,chroma;dwt;frequency;mfcc;time
gb_threshold_mean,r0f0,0,0,M4,17,0.2695389071657664,2.304230799956713,2593,647,0.8500772797527048,0.826949102677258,0.7878787878787878,0.8660194174757282,0.6011560693641619,0.6819672131147541,0.5953721329459455,,,104.0,69.0,446.0,28.0,647.0,132.0,515.0,0.7919441727858907,17,0.1456390790498765,0.02463768115942029,0.09926214695646964,0.12318840579710146,0.9926214695646963,dwt;frequency;mfcc;time
gb_threshold_mean,r0f1,0,1,M4,22,0.23570494695316413,2.50955029996112,2589,651,0.9032258064516129,0.8450879066947661,0.746268656716418,0.9439071566731141,0.7751937984496124,0.7604562737642585,0.700047162837635,,,100.0,29.0,488.0,34.0,651.0,134.0,517.0,0.8499105237926201,22,0.10506263334516591,0.03188405797101449,0.09875825563698372,0.15942028985507245,0.9875825563698372,chroma;dwt;mfcc;time
gb_threshold_mean,r0f2,0,2,M4,19,0.24191736169169836,2.4610501999850385,2596,644,0.9037267080745341,0.805990803981965,0.6412213740458015,0.9707602339181286,0.8484848484848485,0.7304347826086957,0.6829939431353739,,,84.0,15.0,498.0,47.0,644.0,131.0,513.0,0.8359168241965973,19,0.11485822306238189,0.027536231884057974,0.09952290674525849,0.13768115942028986,0.9952290674525848,chroma;dwt;frequency;mfcc;time
gb_threshold_mean,r0f3,0,3,M4,19,0.24856313406310648,2.448165399953723,2585,655,0.8809160305343512,0.8388101344305723,0.7664233576642335,0.9111969111969112,0.695364238410596,0.7291666666666666,0.6543465389640052,,,105.0,46.0,472.0,32.0,655.0,137.0,518.0,0.8264228636660143,19,0.12150399543379002,0.027536231884057974,0.09952290674525849,0.13768115942028986,0.9952290674525848,chroma;dwt;frequency;mfcc;time
gb_threshold_mean,r0f4,0,4,M4,17,0.21984511171420257,2.324281399953179,2597,643,0.9035769828926905,0.8968496541030535,0.8854961832061069,0.908203125,0.7116564417177914,0.7891156462585034,0.7348728611742237,,,116.0,47.0,465.0,15.0,643.0,131.0,512.0,0.8633078231292517,17,0.0956845238095238,0.02463768115942029,0.09952290674525849,0.12318840579710146,0.9952290674525848,chroma;dwt;frequency;mfcc;time
gb_threshold_median,r0f0,0,0,M4,69,0.3483619207791725,3.680615100020077,2593,647,0.8500772797527048,0.8156810826713738,0.7575757575757576,0.8737864077669902,0.6060606060606061,0.6734006734006734,0.5837187475288567,,,100.0,65.0,450.0,32.0,647.0,132.0,515.0,0.7880543988868964,69,0.14836192077917248,0.1,0.1,0.5,1.0,chroma;dwt;envelope;frequency;mfcc;time
gb_threshold_median,r0f1,0,1,M4,69,0.29870414077437857,3.759787500021048,2589,651,0.9109062980030722,0.8471592713415514,0.7388059701492538,0.9555125725338491,0.8114754098360656,0.7734375,0.7193639719787901,,,99.0,23.0,494.0,35.0,651.0,134.0,517.0,0.8589940846080306,69,0.09870414077437856,0.1,0.1,0.5,1.0,chroma;dwt;envelope;frequency;mfcc;time
gb_threshold_median,r0f2,0,2,M4,69,0.3266292134831461,3.820721100026276,2596,644,0.8975155279503105,0.7821972233382438,0.5877862595419847,0.9766081871345029,0.8651685393258427,0.7,0.6583177536444602,,,77.0,12.0,501.0,54.0,644.0,131.0,513.0,0.8191011235955056,69,0.1266292134831461,0.1,0.1,0.5,1.0,chroma;dwt;envelope;frequency;mfcc;time
gb_threshold_median,r0f3,0,3,M4,69,0.31888893560956466,3.586064000031911,2585,655,0.8870229007633588,0.8319336020065947,0.7372262773722628,0.9266409266409267,0.7266187050359713,0.7318840579710145,0.6603499159815611,,,101.0,38.0,480.0,36.0,655.0,137.0,518.0,0.8301586634149076,69,0.11888893560956465,0.1,0.1,0.5,1.0,chroma;dwt;envelope;frequency;mfcc;time
gb_threshold_median,r0f4,0,4,M4,69,0.2917159681569359,3.710892300005071,2597,643,0.9082426127527217,0.8997793416030535,0.8854961832061069,0.9140625,0.725,0.7972508591065293,0.744881890179931,,,116.0,44.0,468.0,15.0,643.0,131.0,512.0,0.8689771883472345,69,0.09171596815693586,0.1,0.1,0.5,1.0,chroma;dwt;envelope;frequency;mfcc;time
rf_threshold_mean,r0f0,0,0,M4,33,0.2983112012574255,2.784328200039454,2593,647,0.8454404945904173,0.8184024713150926,0.7727272727272727,0.8640776699029126,0.5930232558139535,0.6710526315789473,0.5808794030282296,,,102.0,70.0,445.0,30.0,647.0,132.0,515.0,0.7850212652844232,33,0.15048511430090378,0.04782608695652174,0.1,0.2391304347826087,1.0,chroma;dwt;envelope;frequency;mfcc;time
rf_threshold_mean,r0f1,0,1,M4,34,0.25949932271677484,2.985540999972727,2589,651,0.8970814132104454,0.8412194347411877,0.746268656716418,0.9361702127659575,0.7518796992481203,0.7490636704119851,0.684338108738755,,,100.0,33.0,484.0,34.0,651.0,134.0,517.0,0.8421646854475384,34,0.1104847201867231,0.04927536231884058,0.09973924021121117,0.2463768115942029,0.9973924021121117,dwt;envelope;frequency;mfcc;time
rf_threshold_mean,r0f2,0,2,M4,35,0.28286519368184426,2.664247200009413,2596,644,0.8913043478260869,0.778298587860661,0.5877862595419847,0.9688109161793372,0.8279569892473119,0.6875,0.6374087999837041,,,77.0,16.0,497.0,54.0,644.0,131.0,513.0,0.8108552631578947,35,0.1324013157894737,0.050724637681159424,0.09973924021121117,0.2536231884057971,0.9973924021121117,dwt;envelope;frequency;mfcc;time
rf_threshold_mean,r0f3,0,3,M4,34,0.2642927081520139,2.525110999995377,2585,655,0.8885496183206106,0.8409520051855819,0.7591240875912408,0.9227799227799228,0.7222222222222222,0.7402135231316725,0.6696636288568928,,,104.0,40.0,478.0,33.0,655.0,137.0,518.0,0.8346354301761376,34,0.11575519887670366,0.04927536231884058,0.09926214695646964,0.2463768115942029,0.9926214695646963,dwt;frequency;mfcc;time
rf_threshold_mean,r0f4,0,4,M4,34,0.24861696249641577,2.7597915999940597,2597,643,0.8989113530326595,0.8939199666030535,0.8854961832061069,0.90234375,0.6987951807228916,0.7811447811447811,0.7250957921810148,,,116.0,50.0,462.0,15.0,643.0,131.0,512.0,0.8577109143337657,34,0.09960235996636402,0.04927536231884058,0.09973924021121117,0.2463768115942029,0.9973924021121117,dwt;envelope;frequency;mfcc;time
rf_threshold_median,r0f0,0,0,M4,69,0.34462109880506214,3.5501068999874406,2593,647,0.8531684698608965,0.8232568402471314,0.7727272727272727,0.8737864077669902,0.6107784431137725,0.6822742474916388,0.5953734241576034,,,102.0,65.0,450.0,30.0,647.0,132.0,515.0,0.7933984302784827,69,0.14462109880506213,0.1,0.1,0.5,1.0,chroma;dwt;envelope;frequency;mfcc;time
rf_threshold_median,r0f1,0,1,M4,69,0.288892201353694,3.7438781000091694,2589,651,0.9185867895545314,0.8658159877594619,0.7761194029850746,0.9555125725338491,0.8188976377952756,0.7969348659003831,0.7464880237788488,,,104.0,23.0,494.0,30.0,651.0,134.0,517.0,0.8730111409232943,69,0.08889220135369395,0.1,0.1,0.5,1.0,chroma;dwt;envelope;frequency;mfcc;time
rf_threshold_median,r0f2,0,2,M4,69,0.3195831491189288,3.9689332999987528,2596,644,0.9021739130434783,0.7936476050176331,0.6106870229007634,0.9766081871345029,0.8695652173913043,0.7174887892376681,0.6755964153951671,,,80.0,12.0,501.0,51.0,644.0,131.0,513.0,0.8291669298301017,69,0.11958314911892884,0.1,0.1,0.5,1.0,chroma;dwt;envelope;frequency;mfcc;time
rf_threshold_median,r0f3,0,3,M4,69,0.3060360777058279,3.5496464999741875,2585,655,0.899236641221374,0.850393146013584,0.7664233576642335,0.9343629343629344,0.7553956834532374,0.7608695652173914,0.6970734000168747,,,105.0,34.0,484.0,32.0,655.0,137.0,518.0,0.8485198889916744,69,0.1060360777058279,0.1,0.1,0.5,1.0,chroma;dwt;envelope;frequency;mfcc;time
rf_threshold_median,r0f4,0,4,M4,69,0.2930445687825584,3.60554839996621,2597,643,0.9066874027993779,0.8988027791030535,0.8854961832061069,0.912109375,0.7204968944099379,0.7945205479452054,0.7415191015172168,,,116.0,45.0,467.0,15.0,643.0,131.0,512.0,0.867079187453488,69,0.0930445687825584,0.1,0.1,0.5,1.0,chroma;dwt;envelope;frequency;mfcc;time
rfecv,r0f0,0,0,M4,58,0.32682322923045515,3.378735600039363,2593,647,0.8547140649149922,0.8270447190350103,0.7803030303030303,0.8737864077669902,0.6130952380952381,0.6866666666666666,0.6011811003155135,,,103.0,65.0,450.0,29.0,647.0,132.0,515.0,0.7960496311200537,58,0.14276525821596242,0.08405797101449275,0.1,0.42028985507246375,1.0,chroma;dwt;envelope;frequency;mfcc;time
rfecv,r0f1,0,1,M4,58,0.2805087504855034,3.3885220999945886,2589,651,0.9109062980030722,0.8582161725223014,0.7686567164179104,0.9477756286266924,0.7923076923076923,0.7803030303030303,0.7245732853974747,,,103.0,27.0,490.0,31.0,651.0,134.0,517.0,0.8622131721842705,58,0.09645077947101063,0.08405797101449275,0.1,0.42028985507246375,1.0,chroma;dwt;envelope;frequency;mfcc;time
rfecv,r0f2,0,2,M4,78,0.341306526122616,3.7090374999679625,2596,644,0.8928571428571429,0.7877996518012589,0.6106870229007634,0.9649122807017544,0.8163265306122449,0.6986899563318777,0.6450676029812293,,,80.0,18.0,495.0,51.0,644.0,131.0,513.0,0.8167670744832193,78,0.1282630478617465,0.11304347826086956,0.1,0.5652173913043478,1.0,chroma;dwt;envelope;frequency;mfcc;time
rfecv,r0f3,0,3,M4,98,0.3564022837066315,3.9132625000202097,2585,655,0.8916030534351145,0.8375137389735929,0.7445255474452555,0.9305019305019305,0.7391304347826086,0.7418181818181818,0.6732274267322127,,,102.0,36.0,482.0,35.0,655.0,137.0,518.0,0.8366095740008783,98,0.11437329819938517,0.14202898550724638,0.1,0.7101449275362319,1.0,chroma;dwt;envelope;frequency;mfcc;time
rfecv,r0f4,0,4,M4,18,0.24315978565339172,2.432182800024748,2597,643,0.8786936236391913,0.8755441913167938,0.8702290076335878,0.880859375,0.6514285714285715,0.7450980392156863,0.679703837789224,,,114.0,61.0,451.0,17.0,643.0,131.0,512.0,0.8327531012404963,18,0.1170728291316526,0.026086956521739132,0.1,0.13043478260869565,1.0,chroma;dwt;envelope;frequency;mfcc;time
