exp_id,model_id,task,repeat,fold,fold_label,n_train,n_test,n_features,accuracy,balanced_accuracy,sensitivity,specificity,precision,f1,mcc,roc_auc,pr_auc,tp,fp,tn,fn,support,n_positive,n_negative,brier,ece,fit_seconds,predict_seconds,params,note
EXP-A1,M1,binary,0,0,r0f0,2593,647,138,0.7851622874806801,0.7918064136510738,0.803030303030303,0.7805825242718447,0.4840182648401826,0.603988603988604,0.4970172555676769,0.8776993233303914,0.6452693892368185,106.0,113.0,402.0,26.0,647.0,132.0,515.0,0.3153380733920949,0.12375546813878845,0.223731,0.008795,{},config defaults
EXP-A1,M1,binary,0,1,r0f1,2589,651,138,0.8525345622119815,0.8463437166199947,0.835820895522388,0.8568665377176016,0.6021505376344086,0.7,0.6199433858576437,0.9324316521839545,0.7597149159378628,112.0,74.0,443.0,22.0,651.0,134.0,517.0,0.20654134857847187,0.054126853691335505,0.199088,0.011963,{},config defaults
EXP-A1,M1,binary,0,2,r0f2,2596,644,138,0.8835403726708074,0.8586893442257042,0.816793893129771,0.9005847953216374,0.6772151898734177,0.740484429065744,0.6711137285431504,0.9408657351606327,0.8370494064749844,107.0,51.0,462.0,24.0,644.0,131.0,513.0,0.16502019869173506,0.020520267456303663,0.298204,0.008027,{},config defaults
EXP-A1,M1,binary,0,3,r0f3,2585,655,138,0.8458015267175573,0.8327156666572725,0.8102189781021898,0.8552123552123552,0.5967741935483871,0.6873065015479877,0.6001855244760913,0.9230194741143647,0.7505524136369331,111.0,75.0,443.0,26.0,655.0,137.0,518.0,0.2181039614543103,0.0452552227987047,0.20267,0.008863,{},config defaults
EXP-A1,M1,binary,0,4,r0f4,2597,643,138,0.8149300155520995,0.8355051288167938,0.8702290076335878,0.80078125,0.5277777777777778,0.6570605187319885,0.5722146525056176,0.9204735209923665,0.6983341963884748,114.0,102.0,410.0,17.0,643.0,131.0,512.0,0.25031062143647204,0.08707090270063148,0.206242,0.005677,{},config defaults
EXP-A1,M1,binary,1,0,r1f0,2593,647,138,0.7758887171561051,0.7803471609296853,0.7878787878787878,0.7728155339805826,0.47058823529411764,0.5892351274787535,0.4764483220115207,0.8839952927331568,0.6283338709523653,104.0,117.0,398.0,28.0,647.0,132.0,515.0,0.2976069632706005,0.0962256024691368,0.202277,0.005729,{},config defaults
EXP-A1,M1,binary,1,1,r1f1,2585,655,138,0.8442748091603054,0.8583248328233027,0.8823529411764706,0.8342967244701349,0.5825242718446602,0.7017543859649122,0.6260416897978021,0.9241471154935963,0.7361510677616461,120.0,86.0,433.0,16.0,655.0,136.0,519.0,0.21942096831231583,0.04692355500068786,0.198382,0.005755,{},config defaults
EXP-A1,M1,binary,1,2,r1f2,2596,644,138,0.8773291925465838,0.8690013838667916,0.8549618320610687,0.8830409356725146,0.6511627906976745,0.7392739273927392,0.6714552876017578,0.9368182968022261,0.8168830627868346,112.0,60.0,453.0,19.0,644.0,131.0,513.0,0.1772972409762785,0.04663852400215157,0.210625,0.005731,{},config defaults
EXP-A1,M1,binary,1,3,r1f3,2589,651,138,0.8356374807987711,0.8306847545219638,0.8222222222222222,0.8391472868217055,0.5721649484536082,0.6747720364741642,0.5862420130293654,0.9263996554694229,0.7564198623284719,111.0,83.0,433.0,24.0,651.0,135.0,516.0,0.22476111843081797,0.0755007536233912,0.21035,0.006053,{},config defaults
EXP-A1,M1,binary,1,4,r1f4,2597,643,138,0.8538102643856921,0.8769605796755725,0.916030534351145,0.837890625,0.5911330049261084,0.718562874251497,0.6533143588050389,0.9437768368320612,0.7667845853092577,120.0,83.0,429.0,11.0,643.0,131.0,512.0,0.20041465083046264,0.04252517528055073,0.220293,0.005524,{},config defaults
EXP-A1,M1,binary,2,0,r2f0,2596,644,138,0.7996894409937888,0.817426305373272,0.8473282442748091,0.7875243664717348,0.5045454545454545,0.6324786324786325,0.5388563084840713,0.8986205972947636,0.6614135370711145,111.0,109.0,404.0,20.0,644.0,131.0,513.0,0.27600929873038904,0.07966153922203328,0.216437,0.007081,{},config defaults
EXP-A1,M1,binary,2,1,r2f1,2589,651,138,0.8387096774193549,0.8376396547244436,0.835820895522388,0.839458413926499,0.5743589743589743,0.6808510638297872,0.5960482083282758,0.9281590115188083,0.7640172339739316,112.0,83.0,434.0,22.0,651.0,134.0,517.0,0.22372015053581043,0.060439640347853096,0.209634,0.006449,{},config defaults
EXP-A1,M1,binary,2,2,r2f2,2585,655,138,0.8549618320610687,0.8492447087337598,0.8394160583941606,0.859073359073359,0.6117021276595744,0.7076923076923077,0.6279826269593106,0.9268663867204013,0.7902486611428834,115.0,73.0,445.0,22.0,655.0,137.0,518.0,0.19621828697089497,0.0438581975184877,0.194522,0.006116,{},config defaults
EXP-A1,M1,binary,2,3,r2f3,2597,643,138,0.864696734059098,0.8837965171755725,0.916030534351145,0.8515625,0.6122448979591837,0.7339449541284404,0.6716141786368581,0.9327439169847328,0.7387875793357066,120.0,76.0,436.0,11.0,643.0,131.0,512.0,0.2041049197718602,0.046458050940506784,0.22847,0.009884,{},config defaults
EXP-A1,M1,binary,2,4,r2f4,2593,647,138,0.8593508500772797,0.8496763754045308,0.8333333333333334,0.8660194174757282,0.6145251396648045,0.707395498392283,0.6299954683995269,0.9261694616063548,0.731373078524184,110.0,69.0,446.0,22.0,647.0,132.0,515.0,0.214946417504337,0.06449602969981974,0.223183,0.008972,{},config defaults
EXP-A1,M1,binary,3,0,r3f0,2596,644,138,0.7903726708074534,0.8030519470856956,0.8244274809160306,0.7816764132553606,0.4909090909090909,0.6153846153846154,0.5144546961647569,0.890748924899186,0.6633522683378079,108.0,112.0,401.0,23.0,644.0,131.0,513.0,0.2909216292554804,0.09773500054249298,0.216749,0.006223,{},config defaults
EXP-A1,M1,binary,3,1,r3f1,2593,647,138,0.8639876352395672,0.8554060017652251,0.8409090909090909,0.8699029126213592,0.6235955056179775,0.7161290322580646,0.641429472037062,0.9372903795233892,0.7486587333281488,111.0,67.0,448.0,21.0,647.0,132.0,515.0,0.19369296390636187,0.0641632129988968,0.218525,0.007801,{},config defaults
EXP-A1,M1,binary,3,2,r3f2,2585,655,138,0.8366412213740458,0.86436019494503,0.9117647058823529,0.8169556840077071,0.5662100456621004,0.6985915492957746,0.6265399274923886,0.9347444179984132,0.7623270743876355,124.0,95.0,424.0,12.0,655.0,136.0,519.0,0.22563051821820304,0.043838373348805366,0.232723,0.011021,{},config defaults
EXP-A1,M1,binary,3,3,r3f3,2589,651,138,0.8525345622119815,0.8659560723514212,0.8888888888888888,0.8430232558139535,0.5970149253731343,0.7142857142857143,0.6423125430500041,0.9297014068331898,0.7374398866131558,120.0,81.0,435.0,15.0,651.0,135.0,516.0,0.21016846714028242,0.04235530492352503,0.219983,0.008265,{},config defaults
EXP-A1,M1,binary,3,4,r3f4,2597,643,138,0.8662519440124417,0.8506903029580153,0.8244274809160306,0.876953125,0.631578947368421,0.7152317880794702,0.6393745224899607,0.9268099952290075,0.8005665374309443,108.0,63.0,449.0,23.0,643.0,131.0,512.0,0.1922410519575397,0.0386547099408978,0.196932,0.00569,{},config defaults
EXP-A1,M1,binary,4,0,r4f0,2585,655,138,0.7984732824427481,0.8375623370735578,0.9044117647058824,0.7707129094412332,0.5082644628099173,0.6507936507936508,0.5673543708315464,0.9029808455173977,0.6825420670767285,123.0,119.0,400.0,13.0,655.0,136.0,519.0,0.2898060062787389,0.08345708028551463,0.220078,0.008702,{},config defaults
EXP-A1,M1,binary,4,1,r4f1,2596,644,138,0.8711180124223602,0.8707870184366769,0.8702290076335878,0.8713450292397661,0.6333333333333333,0.7331189710610932,0.6652020882908656,0.9472493787479725,0.8173011225488209,114.0,66.0,447.0,17.0,644.0,131.0,513.0,0.1794749496025414,0.04090097165868406,0.208785,0.00556,{},config defaults
EXP-A1,M1,binary,4,2,r4f2,2593,647,138,0.8361669242658424,0.8266622536040011,0.8106060606060606,0.8427184466019417,0.5691489361702128,0.66875,0.5798748354301024,0.9355545748749633,0.7854372170894872,107.0,81.0,434.0,25.0,647.0,132.0,515.0,0.2029892352150723,0.05874803732254218,0.20526,0.008144,{},config defaults
EXP-A1,M1,binary,4,3,r4f3,2589,651,138,0.8571428571428571,0.8633936261843238,0.8740740740740741,0.8527131782945736,0.6082474226804123,0.7173252279635258,0.6442287042966446,0.9329457364341086,0.7298393905041698,118.0,76.0,440.0,17.0,651.0,135.0,516.0,0.20421878174585623,0.04358223347978816,0.224113,0.008281,{},config defaults
EXP-A1,M1,binary,4,4,r4f4,2597,643,138,0.8398133748055988,0.8170473520992366,0.7786259541984732,0.85546875,0.5795454545454546,0.6644951140065146,0.5728091941493245,0.8941734255725191,0.6771563670262074,102.0,74.0,438.0,29.0,643.0,131.0,512.0,0.23866230616432962,0.07031929966203772,0.212857,0.005763,{},config defaults
EXP-A1,M3,binary,0,0,r0f0,2593,647,138,0.8346213292117465,0.7609002647837599,0.6363636363636364,0.8854368932038835,0.5874125874125874,0.610909090909091,0.5067710633572868,0.8818917328626065,0.5712963053881107,84.0,59.0,456.0,48.0,647.0,132.0,515.0,0.22973018268239395,0.043059896352660616,0.938626,0.795072,{},config defaults
EXP-A1,M3,binary,0,1,r0f1,2589,651,138,0.8940092165898618,0.803350269926961,0.6492537313432836,0.9574468085106383,0.7981651376146789,0.7160493827160493,0.6569906060700856,0.9408037183521465,0.8110458321947229,87.0,22.0,495.0,47.0,651.0,134.0,517.0,0.16080387304095983,0.056957024645508114,1.276092,0.669246,{},config defaults
EXP-A1,M3,binary,0,2,r0f2,2596,644,138,0.8757763975155279,0.7401306489293633,0.5114503816793893,0.9688109161793372,0.8072289156626506,0.6261682242990654,0.5769676239054314,0.9271163489725162,0.7683702993917547,67.0,16.0,497.0,64.0,644.0,131.0,513.0,0.173119677509959,0.039224305594401696,0.975023,0.630764,{},config defaults
EXP-A1,M3,binary,0,3,r0f3,2585,655,138,0.8961832061068702,0.8243031874418736,0.7007299270072993,0.9478764478764479,0.7804878048780488,0.7384615384615385,0.6754574629389545,0.9247949722402278,0.7953492049586379,96.0,27.0,491.0,41.0,655.0,137.0,518.0,0.18270604783517083,0.0935754602081835,0.953039,0.866808,{},config defaults
EXP-A1,M3,binary,0,4,r0f4,2597,643,138,0.8786936236391913,0.8528223401717557,0.8091603053435115,0.896484375,0.6666666666666666,0.7310344827586207,0.6587724933806479,0.9373359971374046,0.690990227846014,106.0,53.0,459.0,25.0,643.0,131.0,512.0,0.17837221309970364,0.06003592444824486,1.00155,0.712724,{},config defaults
EXP-A1,M3,binary,1,0,r1f0,2593,647,138,0.8284389489953632,0.7485657546337159,0.6136363636363636,0.883495145631068,0.574468085106383,0.5934065934065934,0.48526286269688423,0.8779493968814358,0.5819613763417755,81.0,60.0,455.0,51.0,647.0,132.0,515.0,0.23740618422234733,0.039941410302796104,1.069152,0.586676,{},config defaults
EXP-A1,M3,binary,1,1,r1f1,2585,655,138,0.8778625954198473,0.8035532131927916,0.6764705882352942,0.930635838150289,0.71875,0.696969696969697,0.6210229797536967,0.9292757565453929,0.75865218703514,92.0,36.0,483.0,44.0,655.0,136.0,519.0,0.1792423379563322,0.05894933649316838,0.954066,1.109031,{},config defaults
EXP-A1,M3,binary,1,2,r1f2,2596,644,138,0.9130434782608695,0.8374179724119459,0.7099236641221374,0.9649122807017544,0.8378378378378378,0.768595041322314,0.719229419417638,0.9539008675207953,0.8675614064407223,93.0,18.0,495.0,38.0,644.0,131.0,513.0,0.14349879345796598,0.06332533236791911,1.089363,0.698095,{},config defaults
EXP-A1,M3,binary,1,3,r1f3,2589,651,138,0.8663594470046083,0.7707579672695952,0.6074074074074074,0.9341085271317829,0.7068965517241379,0.6533864541832669,0.5737161694025683,0.923026126902096,0.669056127384076,82.0,34.0,482.0,53.0,651.0,135.0,516.0,0.18479337584155064,0.023950304476803352,1.020755,0.633684,{},config defaults
EXP-A1,M3,binary,1,4,r1f4,2597,643,138,0.895800933125972,0.8465231393129771,0.7633587786259542,0.9296875,0.7352941176470589,0.7490636704119851,0.6835329115749913,0.9460579675572519,0.7471948130302237,100.0,36.0,476.0,31.0,643.0,131.0,512.0,0.1669009716548559,0.08408109918984646,1.058179,0.861751,{},config defaults
EXP-A1,M3,binary,2,0,r2f0,2596,644,138,0.8385093167701864,0.7423180512774727,0.5801526717557252,0.9044834307992202,0.608,0.59375,0.49325490014606477,0.8854069014776125,0.5881176436664651,76.0,49.0,464.0,55.0,644.0,131.0,513.0,0.22263732351687995,0.035943382829999926,0.959359,0.66393,{},config defaults
EXP-A1,M3,binary,2,1,r2f1,2589,651,138,0.8832565284178188,0.8269869222552615,0.7313432835820896,0.9226305609284333,0.7101449275362319,0.7205882352941176,0.646933773311733,0.9332688588007737,0.7613298552059403,98.0,40.0,477.0,36.0,651.0,134.0,517.0,0.17303300873938043,0.050710693751193525,1.005712,0.67976,{},config defaults
EXP-A1,M3,binary,2,2,r2f2,2585,655,138,0.9068702290076336,0.8256911760561396,0.6861313868613139,0.9652509652509652,0.8392857142857143,0.7550200803212851,0.7036427631502731,0.9429022348730378,0.8139366988079532,94.0,18.0,500.0,43.0,655.0,137.0,518.0,0.1615207166129606,0.07966480013030268,1.029752,0.972624,{},config defaults
EXP-A1,M3,binary,2,3,r2f3,2597,643,138,0.8926905132192846,0.8474102457061068,0.7709923664122137,0.923828125,0.7214285714285714,0.7453874538745388,0.6781023289665742,0.9432997375954199,0.7219718254555271,101.0,39.0,473.0,30.0,643.0,131.0,512.0,0.16854596989318235,0.07614005636980359,1.038202,0.637032,{},config defaults
EXP-A1,M3,binary,2,4,r2f4,2593,647,138,0.8763523956723338,0.7927478670197117,0.6515151515151515,0.9339805825242719,0.7166666666666667,0.6825396825396826,0.6070415031634077,0.9222712562518387,0.6971002270232313,86.0,34.0,481.0,46.0,647.0,132.0,515.0,0.18101022874570458,0.036342014787032285,1.013667,0.644261,{},config defaults
EXP-A1,M3,binary,3,0,r3f0,2596,644,138,0.8260869565217391,0.737362915346041,0.5877862595419847,0.8869395711500975,0.5703703703703704,0.5789473684210527,0.46947386220320714,0.8706158951237296,0.5724553957560613,77.0,58.0,455.0,54.0,644.0,131.0,513.0,0.2365680006506637,0.03970166163286317,1.102367,0.670202,{},config defaults
EXP-A1,M3,binary,3,1,r3f1,2593,647,138,0.8809891808346213,0.8181965283907031,0.7121212121212122,0.9242718446601942,0.706766917293233,0.7094339622641509,0.6346125156366981,0.935201529861724,0.7062822538344751,94.0,39.0,476.0,38.0,647.0,132.0,515.0,0.16625375044065727,0.038191573852077304,0.942146,0.619283,{},config defaults
EXP-A1,M3,binary,3,2,r3f2,2585,655,138,0.9038167938931297,0.8443485775813215,0.7426470588235294,0.9460500963391136,0.7829457364341085,0.7622641509433963,0.7024148667253393,0.9474243454607276,0.8080829039364332,101.0,28.0,491.0,35.0,655.0,136.0,519.0,0.16615256099724718,0.09615558011064207,1.058814,0.634482,{},config defaults
EXP-A1,M3,binary,3,3,r3f3,2589,651,138,0.9001536098310292,0.8248923341946598,0.6962962962962963,0.9534883720930233,0.7966101694915254,0.7430830039525692,0.6838432852552278,0.9376399655469423,0.7726715155277586,94.0,24.0,492.0,41.0,651.0,135.0,516.0,0.16789089431576656,0.07533127004618019,0.943599,0.809604,{},config defaults
EXP-A1,M3,binary,3,4,r3f4,2597,643,138,0.8849144634525661,0.7970837309160306,0.648854961832061,0.9453125,0.7522123893805309,0.6967213114754098,0.6287852373844093,0.9216662690839694,0.7406885738731412,85.0,28.0,484.0,46.0,643.0,131.0,512.0,0.17910080897326727,0.05548854730920097,0.940067,0.75308,{},config defaults
EXP-A1,M3,binary,4,0,r4f0,2585,655,138,0.8366412213740458,0.7721154935962824,0.6617647058823529,0.882466281310212,0.5960264900662252,0.627177700348432,0.524122322808776,0.8984330726510257,0.6342261771525752,90.0,61.0,458.0,46.0,655.0,136.0,519.0,0.21843883870627995,0.040939096992258436,1.066142,0.600758,{},config defaults
EXP-A1,M3,binary,4,1,r4f1,2596,644,138,0.8881987577639752,0.7820335401693377,0.6030534351145038,0.9610136452241715,0.797979797979798,0.6869565217391305,0.6295195711438378,0.9410591789057036,0.7886005434844592,79.0,20.0,493.0,52.0,644.0,131.0,513.0,0.16401406594751505,0.060326743407034755,1.005977,0.881163,{},config defaults
EXP-A1,M3,binary,4,2,r4f2,2593,647,138,0.8825347758887172,0.7881803471609297,0.6287878787878788,0.9475728155339805,0.7545454545454545,0.6859504132231405,0.6183031379057359,0.9268461312150633,0.743264157057347,83.0,27.0,488.0,49.0,647.0,132.0,515.0,0.17450564666945692,0.04093617090544606,1.123956,0.615299,{},config defaults
EXP-A1,M3,binary,4,3,r4f3,2589,651,138,0.8878648233486943,0.8308139534883721,0.7333333333333333,0.9282945736434108,0.7279411764705882,0.7306273062730627,0.659830644348363,0.9439850703416595,0.7498035646404932,99.0,37.0,479.0,36.0,651.0,135.0,516.0,0.16761522454827674,0.08404487412083415,0.97614,0.610665,{},config defaults
EXP-A1,M3,binary,4,4,r4f4,2597,643,138,0.8724727838258165,0.7835907681297709,0.6335877862595419,0.93359375,0.7094017094017094,0.6693548387096774,0.5921161545256035,0.9097835162213741,0.6616687172710636,83.0,34.0,478.0,48.0,643.0,131.0,512.0,0.19241098604411389,0.05966524147921042,0.920254,0.773861,{},config defaults
EXP-A1,M4,binary,0,0,r0f0,2593,647,138,0.848531684698609,0.8090761988820241,0.7424242424242424,0.8757281553398059,0.6049382716049383,0.6666666666666666,0.5749866504511496,0.9159385113268608,0.7001981401539955,98.0,64.0,451.0,34.0,647.0,132.0,515.0,0.21603378052550232,0.026757341576506936,5.024295,0.389924,{},config defaults
EXP-A1,M4,binary,0,1,r0f1,2589,651,138,0.9231950844854071,0.8548962152487081,0.7388059701492538,0.9709864603481625,0.868421052631579,0.7983870967741935,0.7550739123866418,0.9518028811455297,0.8627977898658129,99.0,15.0,502.0,35.0,651.0,134.0,517.0,0.146465757296467,0.0882242703533026,4.931865,0.605259,{},config defaults
EXP-A1,M4,binary,0,2,r0f2,2596,644,138,0.8990683229813664,0.7803297471839055,0.5801526717557252,0.9805068226120858,0.8837209302325582,0.7004608294930875,0.6634790074786145,0.9526732437539991,0.8483248963937596,76.0,10.0,503.0,55.0,644.0,131.0,513.0,0.1483154285714286,0.0526832298136646,4.558927,0.512427,{},config defaults
EXP-A1,M4,binary,0,3,r0f3,2585,655,138,0.8916030534351145,0.8321449708311022,0.7299270072992701,0.9343629343629344,0.746268656716418,0.7380073800738007,0.6697482372640895,0.935856607389454,0.8325021653716242,100.0,34.0,484.0,37.0,655.0,137.0,518.0,0.17624363969465648,0.08774351145038164,4.510464,0.395789,{},config defaults
EXP-A1,M4,binary,0,4,r0f4,2597,643,138,0.9020217729393468,0.8930328602099237,0.8778625954198473,0.908203125,0.7098765432098766,0.7849829351535836,0.7292886260429821,0.9519769799618321,0.8003211707534498,115.0,47.0,465.0,16.0,643.0,131.0,512.0,0.16871986314152412,0.059667185069984405,4.635389,0.377443,{},config defaults
EXP-A1,M4,binary,1,0,r1f0,2593,647,138,0.8531684698608965,0.8035378052368344,0.7196969696969697,0.887378640776699,0.6209150326797386,0.6666666666666666,0.5757370464288804,0.9006325389820535,0.6754715791768015,95.0,58.0,457.0,37.0,647.0,132.0,515.0,0.230104828438949,0.06488408037094279,5.016611,0.351935,{},config defaults
EXP-A1,M4,binary,1,1,r1f1,2585,655,138,0.9068702290076336,0.8462753598549246,0.7426470588235294,0.9499036608863198,0.7952755905511811,0.7680608365019012,0.7105356883656944,0.9514762552419811,0.8302984061725931,101.0,26.0,493.0,35.0,655.0,136.0,519.0,0.1575408610687023,0.07653129770992369,4.875474,0.357617,{},config defaults
EXP-A1,M4,binary,1,2,r1f2,2596,644,138,0.9192546583850931,0.8441587429132628,0.7175572519083969,0.9707602339181286,0.8623853211009175,0.7833333333333333,0.7389124648149913,0.9698004553368152,0.9056820962383018,94.0,15.0,498.0,37.0,644.0,131.0,513.0,0.12479791304347826,0.07377018633540385,4.802062,0.371509,{},config defaults
EXP-A1,M4,binary,1,3,r1f3,2589,651,138,0.8955453149001537,0.8274547803617571,0.7111111111111111,0.9437984496124031,0.768,0.7384615384615385,0.6741013346865,0.9280074648291703,0.7512763454133727,96.0,29.0,487.0,39.0,651.0,135.0,516.0,0.17664931490015362,0.045056835637480724,4.871988,0.363637,{},config defaults
EXP-A1,M4,binary,1,4,r1f4,2597,643,138,0.9160186625194401,0.8989816913167938,0.8702290076335878,0.927734375,0.7549668874172185,0.8085106382978723,0.7581978803467421,0.9649481154580152,0.8651904537460517,114.0,37.0,475.0,17.0,643.0,131.0,512.0,0.1456677200622084,0.08049455676516325,4.903222,0.354217,{},config defaults
EXP-A1,M4,binary,2,0,r2f0,2596,644,138,0.8524844720496895,0.793722006458045,0.6946564885496184,0.8927875243664717,0.6232876712328768,0.6570397111913358,0.5647675209540792,0.9038510185557194,0.6710491260098858,91.0,55.0,458.0,40.0,644.0,131.0,513.0,0.21770542857142855,0.03533850931677017,5.11218,0.387805,{},config defaults
EXP-A1,M4,binary,2,1,r2f1,2589,651,138,0.8986175115207373,0.8394223274343948,0.7388059701492538,0.9400386847195358,0.7615384615384615,0.75,0.6865584800225221,0.9491757845203384,0.8226470811624903,99.0,31.0,486.0,35.0,651.0,134.0,517.0,0.16128583717357914,0.06481413210445472,5.197183,0.401539,{},config defaults
EXP-A1,M4,binary,2,2,r2f2,2585,655,138,0.9297709923664123,0.8831200856748302,0.8029197080291971,0.9633204633204633,0.8527131782945736,0.8270676691729323,0.7836143005499688,0.9621931629230899,0.886481526193578,110.0,19.0,499.0,27.0,655.0,137.0,518.0,0.14722869007633588,0.10471145038167934,4.696459,0.453777,{},config defaults
EXP-A1,M4,binary,2,3,r2f3,2597,643,138,0.9175738724727839,0.8800766340648856,0.816793893129771,0.943359375,0.7867647058823529,0.8014981273408239,0.749718731104271,0.9561888716603053,0.8202994538787255,107.0,29.0,483.0,24.0,643.0,131.0,512.0,0.15339631726283048,0.08046967340590973,4.899702,0.493823,{},config defaults
EXP-A1,M4,binary,2,4,r2f4,2593,647,138,0.9026275115919629,0.8346057664018829,0.7196969696969697,0.9495145631067962,0.7851239669421488,0.7509881422924901,0.6916214270200112,0.944321859370403,0.813854322981121,95.0,26.0,489.0,37.0,647.0,132.0,515.0,0.15824600927357033,0.04713446676970626,4.72631,0.503602,{},config defaults
EXP-A1,M4,binary,3,0,r3f0,2596,644,138,0.8571428571428571,0.78811957799503,0.6717557251908397,0.9044834307992202,0.6423357664233577,0.6567164179104478,0.5668039038796558,0.90754877014419,0.6972233947836141,88.0,49.0,464.0,43.0,644.0,131.0,513.0,0.21415562732919255,0.02974534161490687,4.677357,0.49533,{},config defaults
EXP-A1,M4,binary,3,1,r3f1,2593,647,138,0.8995363214837713,0.8664680788467196,0.8106060606060606,0.9223300970873787,0.7278911564625851,0.7670250896057348,0.7048765420639624,0.9494189467490439,0.8166436603169158,107.0,40.0,475.0,25.0,647.0,132.0,515.0,0.15798668315301392,0.048646058732612046,4.610987,0.34218,{},config defaults
EXP-A1,M4,binary,3,2,r3f2,2585,655,138,0.9083969465648855,0.8662303071517624,0.7941176470588235,0.9383429672447013,0.7714285714285715,0.782608695652174,0.7247192173246618,0.9560948656919415,0.8546145127713657,108.0,32.0,487.0,28.0,655.0,136.0,519.0,0.15865283664122137,0.09133129770992365,4.844947,0.367485,{},config defaults
EXP-A1,M4,binary,3,3,r3f3,2589,651,138,0.9216589861751152,0.8603359173126615,0.7555555555555555,0.9651162790697675,0.85,0.8,0.7535141301165613,0.9498851564743038,0.8430975333387766,102.0,18.0,498.0,33.0,651.0,135.0,516.0,0.1535559078341014,0.08313978494623656,4.99513,0.352126,{},config defaults
EXP-A1,M4,binary,3,4,r3f4,2597,643,138,0.9082426127527217,0.8401344823473282,0.7251908396946565,0.955078125,0.8050847457627118,0.7630522088353414,0.7078327145375108,0.9439781130725191,0.8248715021357194,95.0,23.0,489.0,36.0,643.0,131.0,512.0,0.15704002488335925,0.07246034214618974,4.985016,0.354318,{},config defaults
EXP-A1,M4,binary,4,0,r4f0,2585,655,138,0.8564885496183207,0.81177037288904,0.7352941176470589,0.8882466281310212,0.6329113924050633,0.6802721088435374,0.5911684297728056,0.9101000226680267,0.704842223912661,100.0,58.0,461.0,36.0,655.0,136.0,519.0,0.21875031450381677,0.05000916030534355,4.976416,0.364017,{},config defaults
EXP-A1,M4,binary,4,1,r4f1,2596,644,138,0.9285714285714286,0.8727437763195095,0.7786259541984732,0.9668615984405458,0.8571428571428571,0.816,0.7731817499152164,0.9590048063330506,0.8703490293927765,102.0,17.0,496.0,29.0,644.0,131.0,513.0,0.141742099378882,0.09068012422360254,4.986576,0.386054,{},config defaults
EXP-A1,M4,binary,4,2,r4f2,2593,647,138,0.9088098918083463,0.832855251544572,0.7045454545454546,0.9611650485436893,0.8230088495575221,0.7591836734693878,0.7065878069145891,0.9562224183583408,0.8544797776415354,93.0,20.0,495.0,39.0,647.0,132.0,515.0,0.14750427202472952,0.0632210200927357,4.713933,0.365126,{},config defaults
EXP-A1,M4,binary,4,3,r4f3,2589,651,138,0.9109062980030722,0.8726959517657192,0.8074074074074075,0.937984496124031,0.7730496453900709,0.7898550724637681,0.7336379046566673,0.9496052253804192,0.8252705301237709,109.0,32.0,484.0,26.0,651.0,135.0,516.0,0.1593782365591398,0.07989554531490017,4.997322,0.52657,{},config defaults
EXP-A1,M4,binary,4,4,r4f4,2597,643,138,0.8895800933125972,0.8198950381679388,0.7022900763358778,0.9375,0.7419354838709677,0.7215686274509804,0.6531510154042239,0.9243648616412214,0.7612843220958072,92.0,32.0,480.0,39.0,643.0,131.0,512.0,0.1791337604976672,0.05283359253499229,4.790398,0.476818,{},config defaults
EXP-A1,M5,binary,0,0,r0f0,2593,647,138,0.8176197836166924,0.8093777581641659,0.7954545454545454,0.8233009708737864,0.5357142857142857,0.6402439024390244,0.5426169517154407,0.9076493086201824,0.7196330402144142,105.0,91.0,424.0,27.0,647.0,132.0,515.0,0.24981299997768133,0.08829066587161698,25.422765,0.014588,{},config defaults
EXP-A1,M5,binary,0,1,r0f1,2589,651,138,0.8970814132104454,0.8439836600363751,0.753731343283582,0.9342359767891683,0.7481481481481481,0.7509293680297398,0.686078396755225,0.9292560408787783,0.8462034463139657,101.0,34.0,483.0,33.0,651.0,134.0,517.0,0.15734658988183498,0.021523313465118273,25.31231,0.014663,{},config defaults
EXP-A1,M5,binary,0,2,r0f2,2596,644,138,0.90527950310559,0.8268604080174993,0.6946564885496184,0.9590643274853801,0.8125,0.7489711934156379,0.6942594774096881,0.9494516613841644,0.8476090298263005,91.0,21.0,492.0,40.0,644.0,131.0,513.0,0.13770349523679365,0.016751588377321054,25.404843,0.014006,{},config defaults
EXP-A1,M5,binary,0,3,r0f3,2585,655,138,0.8763358778625954,0.8385987656060649,0.7737226277372263,0.9034749034749034,0.6794871794871795,0.7235494880546075,0.6465884724679508,0.9318969647436801,0.8035870311344644,106.0,50.0,468.0,31.0,655.0,137.0,518.0,0.17753488218334668,0.02348191145076035,25.136069,0.015554,{},config defaults
EXP-A1,M5,binary,0,4,r0f4,2597,643,138,0.8709175738724728,0.8848625357824427,0.9083969465648855,0.861328125,0.6263157894736842,0.7414330218068536,0.6794857597874479,0.9462666984732825,0.7502255817203937,119.0,71.0,441.0,12.0,643.0,131.0,512.0,0.18886627019421418,0.03815188915064025,25.348217,0.012039,{},config defaults
EXP-A1,M5,binary,1,0,r1f0,2593,647,138,0.8207109737248841,0.8028684907325684,0.7727272727272727,0.8330097087378641,0.5425531914893617,0.6375,0.5376373127989723,0.9047513974698441,0.6983612021093382,102.0,86.0,429.0,30.0,647.0,132.0,515.0,0.24329774307391605,0.05491272030597235,25.34548,0.011623,{},config defaults
EXP-A1,M5,binary,1,1,r1f1,2585,655,138,0.8702290076335878,0.8475716876345913,0.8088235294117647,0.8863198458574181,0.650887573964497,0.7213114754098361,0.6444155839562791,0.940326419585175,0.7781874877712925,110.0,59.0,460.0,26.0,655.0,136.0,519.0,0.1762991308731913,0.02951645705953561,25.554046,0.012295,{},config defaults
EXP-A1,M5,binary,1,2,r1f2,2596,644,138,0.9254658385093167,0.8793208636519203,0.8015267175572519,0.9571150097465887,0.8267716535433071,0.813953488372093,0.7675097915638525,0.9586179188429088,0.8901949116041258,105.0,22.0,491.0,26.0,644.0,131.0,513.0,0.11952266357434412,0.016452189902064325,25.474925,0.012351,{},config defaults
EXP-A1,M5,binary,1,3,r1f3,2589,651,138,0.8970814132104454,0.8585055986218777,0.7925925925925926,0.9244186046511628,0.7328767123287672,0.7615658362989324,0.6969402647688642,0.9308641975308641,0.7418487198320591,107.0,39.0,477.0,28.0,651.0,135.0,516.0,0.16833372719041492,0.03627574762979645,25.442707,0.015411,{},config defaults
EXP-A1,M5,binary,1,4,r1f4,2597,643,138,0.8989113530326595,0.8967601979961832,0.8931297709923665,0.900390625,0.6964285714285714,0.782608695652174,0.7274904165790139,0.9642622853053435,0.8424790394623938,117.0,51.0,461.0,14.0,643.0,131.0,512.0,0.13914258508456165,0.015114443485041209,34.176557,0.011659,{},config defaults
EXP-A1,M5,binary,2,0,r2f0,2596,644,138,0.8260869565217391,0.7885213457732542,0.7251908396946565,0.8518518518518519,0.5555555555555556,0.6291390728476821,0.5259853519126659,0.8834575837388212,0.700631523383527,95.0,76.0,437.0,36.0,644.0,131.0,513.0,0.252465801846336,0.06484870993674799,25.287637,0.014223,{},config defaults
EXP-A1,M5,binary,2,1,r2f1,2589,651,138,0.880184331797235,0.8582233898207223,0.8208955223880597,0.8955512572533849,0.6707317073170732,0.738255033557047,0.6672601688084585,0.9487283120182454,0.8395982238377363,110.0,54.0,463.0,24.0,651.0,134.0,517.0,0.16256261125994176,0.035245639902017185,45.668185,0.037486,{},config defaults
EXP-A1,M5,binary,2,2,r2f2,2585,655,138,0.9099236641221374,0.8893625116252853,0.8540145985401459,0.9247104247104247,0.75,0.7986348122866894,0.743526962295484,0.9567257559958291,0.8903990562081816,117.0,39.0,479.0,20.0,655.0,137.0,518.0,0.1299430522438633,0.015716329900064826,37.028775,0.012367,{},config defaults
EXP-A1,M5,binary,2,3,r2f3,2597,643,138,0.9004665629860031,0.8863758349236641,0.8625954198473282,0.91015625,0.710691823899371,0.7793103448275862,0.7214219259210839,0.9518726145038168,0.7721719483030192,113.0,46.0,466.0,18.0,643.0,131.0,512.0,0.15182055833566124,0.022073590293370048,25.709937,0.011435,{},config defaults
EXP-A1,M5,binary,2,4,r2f4,2593,647,138,0.8964451313755796,0.85325831126802,0.7803030303030303,0.9262135922330097,0.7304964539007093,0.7545787545787546,0.6896490614726631,0.9467637540453074,0.7889424846850619,103.0,38.0,477.0,29.0,647.0,132.0,515.0,0.1549059150037107,0.02533181572795935,25.384673,0.011707,{},config defaults
EXP-A1,M5,binary,3,0,r3f0,2596,644,138,0.8462732919254659,0.7983497760516644,0.7175572519083969,0.8791423001949318,0.6025641025641025,0.6550522648083623,0.5606319342601411,0.9058077764385518,0.7141433827160216,94.0,62.0,451.0,37.0,644.0,131.0,513.0,0.22706729346627189,0.06268108760333069,25.253088,0.0122,{},config defaults
EXP-A1,M5,binary,3,1,r3f1,2593,647,138,0.9010819165378671,0.8871579876434246,0.8636363636363636,0.9106796116504854,0.7125,0.7808219178082192,0.7232431477443123,0.9518240659017358,0.8227728811681848,114.0,46.0,469.0,18.0,647.0,132.0,515.0,0.15536153336513026,0.030558712944829772,25.600247,0.01336,{},config defaults
EXP-A1,M5,binary,3,2,r3f2,2585,655,138,0.8763358778625954,0.8704168083418339,0.8602941176470589,0.8805394990366089,0.6536312849162011,0.7428571428571429,0.6742855026177614,0.9488835996826476,0.8184996319587619,117.0,62.0,457.0,19.0,655.0,136.0,519.0,0.16891010340690757,0.018802534737179452,31.47115,0.01223,{},config defaults
EXP-A1,M5,binary,3,3,r3f3,2589,651,138,0.8970814132104454,0.8612403100775194,0.8,0.9224806201550387,0.7297297297297297,0.7632508833922261,0.6988807636411879,0.9441142693080677,0.8141417221415927,108.0,40.0,476.0,27.0,651.0,135.0,516.0,0.16126520776311332,0.03732410254764875,31.940911,0.016691,{},config defaults
EXP-A1,M5,binary,3,4,r3f4,2597,643,138,0.8989113530326595,0.8427958015267176,0.7480916030534351,0.9375,0.7538461538461538,0.7509578544061303,0.6875523320074627,0.9367843511450382,0.8280358114786679,98.0,32.0,480.0,33.0,643.0,131.0,512.0,0.1544669296147284,0.021907545813526347,32.10916,0.012226,{},config defaults
EXP-A1,M5,binary,4,0,r4f0,2585,655,138,0.8427480916030534,0.8356568060750311,0.8235294117647058,0.8477842003853564,0.5863874345549738,0.6850152905198776,0.5991049565315554,0.9136206505723677,0.7291391124348602,112.0,79.0,440.0,24.0,655.0,136.0,519.0,0.22871557886709015,0.05016603354698391,27.50242,0.013211,{},config defaults
EXP-A1,M5,binary,4,1,r4f1,2596,644,138,0.906832298136646,0.8647828221954377,0.7938931297709924,0.935672514619883,0.7591240875912408,0.7761194029850746,0.7176198477292614,0.9580971087600256,0.8580192359938247,104.0,33.0,480.0,27.0,644.0,131.0,513.0,0.13461034366990268,0.012022125508900071,26.878214,0.011942,{},config defaults
EXP-A1,M5,binary,4,2,r4f2,2593,647,138,0.8778979907264297,0.8331568108267138,0.7575757575757576,0.9087378640776699,0.6802721088435374,0.7168458781362007,0.6408045729920571,0.943056781406296,0.8202980885205412,100.0,47.0,468.0,32.0,647.0,132.0,515.0,0.16066802446152473,0.022413083964321,27.323417,0.016339,{},config defaults
EXP-A1,M5,binary,4,3,r4f3,2589,651,138,0.890937019969278,0.8628337639965546,0.8148148148148148,0.9108527131782945,0.7051282051282052,0.7560137457044673,0.6892305611204684,0.9462245190927362,0.819150968193185,110.0,46.0,470.0,25.0,651.0,135.0,516.0,0.16185808449821548,0.0261362700355105,26.878064,0.012639,{},config defaults
EXP-A1,M5,binary,4,4,r4f4,2597,643,138,0.8786936236391913,0.824420026240458,0.732824427480916,0.916015625,0.6906474820143885,0.7111111111111111,0.634871177088854,0.8943076097328244,0.7260733568601718,96.0,43.0,469.0,35.0,643.0,131.0,512.0,0.19697961193654281,0.05948182825980952,26.859817,0.013489,{},config defaults
EXP-A1,M6,binary,0,0,r0f0,2593,647,138,0.8145285935085008,0.8356060606060607,0.8712121212121212,0.8,0.5275229357798165,0.6571428571428571,0.5722601151464203,0.9024713150926743,0.6294091149893317,115.0,103.0,412.0,17.0,647.0,132.0,515.0,0.21227932472208066,0.03660622100264424,165.922911,1.325341,{},config defaults
EXP-A1,M6,binary,0,1,r0f1,2589,651,138,0.8187403993855606,0.8499451485320015,0.9029850746268657,0.7969052224371374,0.5353982300884956,0.6722222222222223,0.5944002163673184,0.9515574929992205,0.8582965866470481,121.0,105.0,412.0,13.0,651.0,134.0,517.0,0.14808834091766873,0.08687500928147639,166.243647,1.010055,{},config defaults
EXP-A1,M6,binary,0,2,r0f2,2596,644,138,0.8866459627329193,0.8748493370831659,0.8549618320610687,0.8947368421052632,0.6746987951807228,0.7542087542087542,0.6899427904646384,0.9511480142255555,0.8400408674156508,112.0,54.0,459.0,19.0,644.0,131.0,513.0,0.1560493976085594,0.062047409973697315,164.927814,1.018226,{},config defaults
EXP-A1,M6,binary,0,3,r0f3,2585,655,138,0.8763358778625954,0.8466519178198011,0.7956204379562044,0.8976833976833977,0.6728395061728395,0.7290969899665551,0.6535334173897355,0.9414790181213539,0.8453975168555217,109.0,53.0,465.0,28.0,655.0,137.0,518.0,0.171572436180327,0.11910810357754015,171.089999,1.03241,{},config defaults
EXP-A1,M6,binary,0,4,r0f4,2597,643,138,0.8164852255054432,0.884765625,1.0,0.76953125,0.5261044176706827,0.6894736842105263,0.6362812193996006,0.9498151240458015,0.7349602225584843,131.0,118.0,394.0,0.0,643.0,131.0,512.0,0.16575076672676767,0.0827402547638898,180.307276,1.017337,{},config defaults
EXP-A1,M6,binary,1,0,r1f0,2593,647,138,0.80370942812983,0.8259929390997351,0.8636363636363636,0.7883495145631068,0.5112107623318386,0.6422535211267606,0.5528323001157996,0.8963224477787584,0.6252189352561747,114.0,109.0,406.0,18.0,647.0,132.0,515.0,0.2204822181031887,0.04269751946188033,187.953919,1.092539,{},config defaults
EXP-A1,M6,binary,1,1,r1f1,2585,655,138,0.8854961832061069,0.8599186784540406,0.8161764705882353,0.9036608863198459,0.6894409937888198,0.7474747474747475,0.6781271021535465,0.9468151422418679,0.7991064694103377,111.0,50.0,469.0,25.0,655.0,136.0,519.0,0.16201406417323577,0.0825957276639109,165.397358,1.077416,{},config defaults
EXP-A1,M6,binary,1,2,r1f2,2596,644,138,0.9145962732919255,0.8781825216136184,0.816793893129771,0.9395711500974658,0.7753623188405797,0.7955390334572491,0.7420120834551659,0.9687811556031725,0.9084930845800774,107.0,31.0,482.0,24.0,644.0,131.0,513.0,0.13043617118585615,0.08016837696395729,179.886792,1.205673,{},config defaults
EXP-A1,M6,binary,1,3,r1f3,2589,651,138,0.8294930875576036,0.851421188630491,0.8888888888888888,0.813953488372093,0.5555555555555556,0.6837606837606838,0.6051710859944731,0.9297875394774621,0.7060592409573588,120.0,96.0,420.0,15.0,651.0,135.0,516.0,0.17358760660657002,0.05583103801228184,196.577209,1.021758,{},config defaults
EXP-A1,M6,binary,1,4,r1f4,2597,643,138,0.8475894245723172,0.8900957180343512,0.9618320610687023,0.818359375,0.5753424657534246,0.72,0.6630813629405635,0.9612953244274809,0.8112089582492885,126.0,93.0,419.0,5.0,643.0,131.0,512.0,0.14994545272905402,0.10849427831888693,196.177309,1.390946,{},config defaults
EXP-A1,M6,binary,2,0,r2f0,2596,644,138,0.7841614906832298,0.8190482567742512,0.8778625954198473,0.7602339181286549,0.4831932773109244,0.6233062330623306,0.5321440453389685,0.8984866747020223,0.6343421536582358,115.0,123.0,390.0,16.0,644.0,131.0,513.0,0.2110820723216808,0.04538904042294296,184.764481,1.030207,{},config defaults
EXP-A1,M6,binary,2,1,r2f1,2589,651,138,0.8448540706605223,0.8663861543347094,0.9029850746268657,0.8297872340425532,0.5789473684210527,0.7055393586005831,0.6345742454830705,0.9483241433066775,0.816715017513939,121.0,88.0,429.0,13.0,651.0,134.0,517.0,0.1601013363644814,0.086249148057746,159.995556,1.035631,{},config defaults
EXP-A1,M6,binary,2,2,r2f2,2585,655,138,0.850381679389313,0.8758771806217062,0.9197080291970803,0.832046332046332,0.5915492957746479,0.72,0.6526798174021385,0.960586759856833,0.8839599676538606,126.0,87.0,431.0,11.0,655.0,137.0,518.0,0.14842791390273433,0.10842943843088067,159.180932,1.05405,{},config defaults
EXP-A1,M6,binary,2,3,r2f3,2597,643,138,0.8398133748055988,0.8880531369274809,0.9694656488549618,0.806640625,0.5619469026548672,0.711484593837535,0.6547410573855867,0.9540642891221374,0.7713254679880804,127.0,99.0,413.0,4.0,643.0,131.0,512.0,0.15455269099734897,0.0963652933700273,158.715442,1.031697,{},config defaults
EXP-A1,M6,binary,2,4,r2f4,2593,647,138,0.8794435857805255,0.8735657546337159,0.8636363636363636,0.883495145631068,0.6551724137931034,0.7450980392156863,0.67901979975244,0.9414827890556046,0.7608339513809539,114.0,60.0,455.0,18.0,647.0,132.0,515.0,0.16162756080995302,0.06609258639746386,159.041113,1.015736,{},config defaults
EXP-A1,M6,binary,3,0,r3f0,2596,644,138,0.8245341614906833,0.7960730919750607,0.7480916030534351,0.8440545808966862,0.550561797752809,0.6343042071197411,0.5329915277981665,0.8962992723539128,0.639646423633892,98.0,80.0,433.0,33.0,644.0,131.0,513.0,0.2137364610831272,0.031445870822666304,173.118646,1.032585,{},config defaults
EXP-A1,M6,binary,3,1,r3f1,2593,647,138,0.8979907264296755,0.893667255075022,0.8863636363636364,0.9009708737864077,0.6964285714285714,0.78,0.7236481734439949,0.946528390703148,0.7698857934140355,117.0,51.0,464.0,15.0,647.0,132.0,515.0,0.155592614520274,0.06160289270822822,159.345022,1.082859,{},config defaults
EXP-A1,M6,binary,3,2,r3f2,2585,655,138,0.8183206106870229,0.8772172163663152,0.9779411764705882,0.7764932562620424,0.5341365461847389,0.6909090909090909,0.6303938162427817,0.9618752125127508,0.8435274896279927,133.0,116.0,403.0,3.0,655.0,136.0,519.0,0.15535099093945579,0.12033190967400681,158.035433,1.174691,{},config defaults
EXP-A1,M6,binary,3,3,r3f3,2589,651,138,0.82642089093702,0.857687338501292,0.9111111111111111,0.8042635658914729,0.5491071428571429,0.6852367688022284,0.610502365746257,0.9498133792707435,0.8298802036996518,123.0,101.0,415.0,12.0,651.0,135.0,516.0,0.1546039112997,0.09676188951133408,158.158113,1.093095,{},config defaults
EXP-A1,M6,binary,3,4,r3f4,2597,643,138,0.8631415241057543,0.8430567151717557,0.8091603053435115,0.876953125,0.6272189349112426,0.7066666666666667,0.6278183796259439,0.9397065839694656,0.7957489767964022,106.0,63.0,449.0,25.0,643.0,131.0,512.0,0.16350828950515953,0.0800718863920534,159.659938,1.074064,{},config defaults
EXP-A1,M6,binary,4,0,r4f0,2585,655,138,0.8381679389312977,0.8300535532131927,0.8161764705882353,0.8439306358381503,0.578125,0.676829268292683,0.5882019114133465,0.9116513657486116,0.6837949734753614,111.0,81.0,438.0,25.0,655.0,136.0,519.0,0.20691648208131272,0.053208463573597625,158.692726,1.07502,{},config defaults
EXP-A1,M6,binary,4,1,r4f1,2596,644,138,0.8835403726708074,0.8785842893918426,0.8702290076335878,0.8869395711500975,0.6627906976744186,0.7524752475247525,0.6888928714881813,0.956966206865765,0.840205405810422,114.0,58.0,455.0,17.0,644.0,131.0,513.0,0.14857043901049588,0.09978524282385329,159.380987,1.065999,{},config defaults
EXP-A1,M6,binary,4,2,r4f2,2593,647,138,0.8531684698608965,0.8683289202706679,0.8939393939393939,0.8427184466019417,0.592964824120603,0.7129909365558912,0.6432663751019011,0.9474257134451309,0.8236098602867385,118.0,81.0,434.0,14.0,647.0,132.0,515.0,0.1564520561797822,0.06805310575127382,158.633032,1.064555,{},config defaults
EXP-A1,M6,binary,4,3,r4f3,2589,651,138,0.847926267281106,0.8767226528854436,0.9259259259259259,0.8275193798449613,0.5841121495327103,0.7163323782234957,0.6502732085549053,0.9513924777490668,0.7941907215403499,125.0,89.0,427.0,10.0,651.0,135.0,516.0,0.15727021209066105,0.0976977056939422,158.989948,1.07529,{},config defaults
EXP-A1,M6,binary,4,4,r4f4,2597,643,138,0.8242612752721618,0.827163346851145,0.8320610687022901,0.822265625,0.545,0.6586102719033232,0.5693094665439249,0.9242604961832062,0.7232044490636629,109.0,91.0,421.0,22.0,643.0,131.0,512.0,0.17658508254791971,0.06300812180665605,158.431217,1.046447,{},config defaults
EXP-A1,M8,binary,0,0,r0f0,2593,647,138,0.8670788253477589,0.8376287143277434,0.7878787878787878,0.887378640776699,0.6419753086419753,0.7074829931972789,0.6281040217578785,0.9282141806413651,0.761738820022377,104.0,58.0,457.0,28.0,647.0,132.0,515.0,0.22175341595236048,0.09428082910903271,6.08045,0.02304,{},config defaults
EXP-A1,M8,binary,0,1,r0f1,2589,651,138,0.9262672811059908,0.8623589018158723,0.753731343283582,0.9709864603481625,0.8706896551724138,0.808,0.7657036469014407,0.9463032997488381,0.8648464116520953,101.0,15.0,502.0,33.0,651.0,134.0,517.0,0.13354634788968484,0.04938464972280692,5.988481,0.019505,{},config defaults
EXP-A1,M8,binary,0,2,r0f2,2596,644,138,0.90527950310559,0.7984390577801586,0.6183206106870229,0.9785575048732943,0.8804347826086957,0.726457399103139,0.6866201331288878,0.9520705920866629,0.8582590912472622,81.0,11.0,502.0,50.0,644.0,131.0,513.0,0.15448892656095667,0.05876036608441277,6.175492,0.022395,{},config defaults
EXP-A1,M8,binary,0,3,r0f3,2585,655,138,0.8931297709923665,0.8277414536538624,0.7153284671532847,0.9401544401544402,0.7596899224806202,0.7368421052631579,0.6703456685488883,0.934503846912606,0.8338925881794372,98.0,31.0,487.0,39.0,655.0,137.0,518.0,0.16536210144037575,0.052618091889010114,5.978662,0.022923,{},config defaults
EXP-A1,M8,binary,0,4,r0f4,2597,643,138,0.9035769828926905,0.8968496541030535,0.8854961832061069,0.908203125,0.7116564417177914,0.7891156462585034,0.7348728611742237,0.9531697280534351,0.7574000869567717,116.0,47.0,465.0,15.0,643.0,131.0,512.0,0.1552099840332494,0.05678453730943599,6.49284,0.02296,{},config defaults
EXP-A1,M8,binary,1,0,r1f0,2593,647,138,0.848531684698609,0.8090761988820241,0.7424242424242424,0.8757281553398059,0.6049382716049383,0.6666666666666666,0.5749866504511496,0.9064283612827303,0.7306560937714534,98.0,64.0,451.0,34.0,647.0,132.0,515.0,0.23566584385845318,0.09074649661549097,5.968318,0.024991,{},config defaults
EXP-A1,M8,binary,1,1,r1f1,2585,655,138,0.8854961832061069,0.8382140428425706,0.7573529411764706,0.9190751445086706,0.7103448275862069,0.7330960854092526,0.6608542318604849,0.9435849484302392,0.8039334660478632,103.0,42.0,477.0,33.0,655.0,136.0,519.0,0.17219551617697731,0.06430966544697302,6.034555,0.023053,{},config defaults
EXP-A1,M8,binary,1,2,r1f2,2596,644,138,0.9254658385093167,0.8594259184857819,0.7480916030534351,0.9707602339181286,0.8672566371681416,0.8032786885245902,0.7607592383972174,0.9697632546166093,0.9128139647387087,98.0,15.0,498.0,33.0,644.0,131.0,513.0,0.11049373577767262,0.03906469222921763,6.173686,0.022486,{},config defaults
EXP-A1,M8,binary,1,3,r1f3,2589,651,138,0.901689708141321,0.842269595176572,0.7407407407407407,0.9437984496124031,0.7751937984496124,0.7575757575757576,0.6962415626649083,0.9316393913293138,0.7701109235453178,100.0,29.0,487.0,35.0,651.0,135.0,516.0,0.1733757717813766,0.06784480388995873,5.943412,0.019289,{},config defaults
EXP-A1,M8,binary,1,4,r1f4,2597,643,138,0.9051321928460342,0.8807848282442747,0.8396946564885496,0.921875,0.7333333333333333,0.7829181494661922,0.7252891340498112,0.9639790076335878,0.8542916954376644,110.0,40.0,472.0,21.0,643.0,131.0,512.0,0.13932903335772934,0.049998862098201396,6.168254,0.022318,{},config defaults
EXP-A1,M8,binary,2,0,r2f0,2596,644,138,0.84472049689441,0.7831644420635984,0.6793893129770993,0.8869395711500975,0.6054421768707483,0.6402877697841727,0.5431580004845968,0.8942904334627918,0.7183644092315502,89.0,58.0,455.0,42.0,644.0,131.0,513.0,0.2450044152287752,0.09531240489171901,6.041662,0.023086,{},config defaults
EXP-A1,M8,binary,2,1,r2f1,2589,651,138,0.8940092165898618,0.8420494240595859,0.753731343283582,0.9303675048355899,0.7372262773722628,0.7453874538745388,0.6785388006491345,0.9438205490920638,0.8354296598553617,101.0,36.0,481.0,33.0,651.0,134.0,517.0,0.1556054879567535,0.05233487463949652,6.021417,0.019703,{},config defaults
EXP-A1,M8,binary,2,2,r2f2,2585,655,138,0.916030534351145,0.8556421384888537,0.7518248175182481,0.9594594594594594,0.8306451612903226,0.789272030651341,0.7384315926016757,0.9603190260124566,0.8855227714904402,103.0,21.0,497.0,34.0,655.0,137.0,518.0,0.12569048795432092,0.03180709594988637,6.115418,0.022614,{},config defaults
EXP-A1,M8,binary,2,3,r2f3,2597,643,138,0.9206842923794712,0.8933906846374046,0.8473282442748091,0.939453125,0.7816901408450704,0.8131868131868132,0.7639442397632833,0.9536468272900763,0.8198134137018488,111.0,31.0,481.0,20.0,643.0,131.0,512.0,0.13823038857057654,0.048232719927887184,6.059862,0.022591,{},config defaults
EXP-A1,M8,binary,2,4,r2f4,2593,647,138,0.9010819165378671,0.8477199176228303,0.7575757575757576,0.9378640776699029,0.7575757575757576,0.7575757575757576,0.6954398352456604,0.9415269196822594,0.7804113008287896,100.0,32.0,483.0,32.0,647.0,132.0,515.0,0.16674788964279336,0.06621552444130788,6.070135,0.023041,{},config defaults
EXP-A1,M8,binary,3,0,r3f0,2596,644,138,0.8493788819875776,0.7804041486243174,0.6641221374045801,0.8966861598440545,0.6214285714285714,0.6420664206642066,0.5473050744171869,0.9092451229855809,0.7299555106556129,87.0,53.0,460.0,44.0,644.0,131.0,513.0,0.22984433885179453,0.09264790206592274,5.812823,0.022164,{},config defaults
EXP-A1,M8,binary,3,1,r3f1,2593,647,138,0.9088098918083463,0.8779273315681083,0.8257575757575758,0.9300970873786408,0.7517241379310344,0.7870036101083032,0.7304542447739725,0.9568549573403942,0.8292224312855612,109.0,36.0,479.0,23.0,647.0,132.0,515.0,0.1460834500084715,0.05381286411418066,6.479027,0.02029,{},config defaults
EXP-A1,M8,binary,3,2,r3f2,2585,655,138,0.9099236641221374,0.8834721749971666,0.8382352941176471,0.928709055876686,0.7549668874172185,0.794425087108014,0.7386067012789681,0.9547772866371982,0.8377094531239166,114.0,37.0,482.0,22.0,655.0,136.0,519.0,0.14495390700235672,0.04163667673373039,6.04636,0.023031,{},config defaults
EXP-A1,M8,binary,3,3,r3f3,2589,651,138,0.9124423963133641,0.8627260981912145,0.7777777777777778,0.9476744186046512,0.7954545454545454,0.7865168539325843,0.7315262087938504,0.9446023542922768,0.8311689047063193,105.0,27.0,489.0,30.0,651.0,135.0,516.0,0.1518023490794058,0.05526185557589547,6.16552,0.022333,{},config defaults
EXP-A1,M8,binary,3,4,r3f4,2597,643,138,0.9082426127527217,0.8259333253816794,0.6870229007633588,0.96484375,0.8333333333333334,0.7531380753138075,0.7023290347953534,0.9373956345419847,0.8338138718167212,90.0,18.0,494.0,41.0,643.0,131.0,512.0,0.1538972338061051,0.05155881418966772,6.05654,0.022457,{},config defaults
EXP-A1,M8,binary,4,0,r4f0,2585,655,138,0.8778625954198473,0.8496755638671654,0.8014705882352942,0.8978805394990366,0.6728395061728395,0.7315436241610739,0.6574571393217948,0.931755071970985,0.7771800125783388,109.0,53.0,466.0,27.0,655.0,136.0,519.0,0.19658911335949136,0.06998408568724415,5.935284,0.022604,{},config defaults
EXP-A1,M8,binary,4,1,r4f1,2596,644,138,0.9145962732919255,0.8469190363525438,0.732824427480916,0.9610136452241715,0.8275862068965517,0.7773279352226721,0.726785913958524,0.9527699656265345,0.8647327033268354,96.0,20.0,493.0,35.0,644.0,131.0,513.0,0.13843066661090644,0.04409822331082012,6.220622,0.022611,{},config defaults
EXP-A1,M8,binary,4,2,r4f2,2593,647,138,0.8979907264296755,0.8288761400411886,0.7121212121212122,0.945631067961165,0.7704918032786885,0.7401574803149606,0.6776311710128411,0.9462341865254487,0.8352957234058862,94.0,28.0,487.0,38.0,647.0,132.0,515.0,0.1559612958229113,0.05681768359135621,6.343648,0.022382,{},config defaults
EXP-A1,M8,binary,4,3,r4f3,2589,651,138,0.9032258064516129,0.8569121447028424,0.7777777777777778,0.936046511627907,0.7608695652173914,0.7692307692307693,0.7080840813280271,0.940367499282228,0.822261933212658,105.0,33.0,483.0,30.0,651.0,135.0,516.0,0.16204478212797885,0.06312594966771236,6.066024,0.022303,{},config defaults
EXP-A1,M8,binary,4,4,r4f4,2597,643,138,0.8911353032659409,0.8180313692748091,0.6946564885496184,0.94140625,0.7520661157024794,0.7222222222222222,0.6554546463245876,0.9288525763358779,0.7643858513894548,91.0,30.0,482.0,40.0,643.0,131.0,512.0,0.1820565396822349,0.06721179018124454,5.894949,0.022568,{},config defaults
