alpha,beta,gamma,selected_ranker,selected_k,selected_macro_f1,selected_n_selected,selected_normalized_inference_time,j,guarded,performance_floor
0.0,0.0,1.0,anova_f,10,0.7977311146574382,10.0,0.9926214695646963,0.9926214695646963,False,
0.0,0.05,0.95,anova_f,10,0.7977311146574382,10.0,0.9926214695646963,0.9466135844922586,False,
0.0,0.1,0.9,anova_f,10,0.7977311146574382,10.0,0.9926214695646963,0.9006056994198209,False,
0.0,0.15,0.85,anova_f,10,0.7977311146574382,10.0,0.9926214695646963,0.8545978143473832,False,
0.0,0.2,0.8,anova_f,10,0.7977311146574382,10.0,0.9926214695646963,0.8085899292749454,False,
0.0,0.25,0.75,anova_f,10,0.7977311146574382,10.0,0.9926214695646963,0.7625820442025077,False,
0.0,0.3,0.7,anova_f,10,0.7977311146574382,10.0,0.9926214695646963,0.7165741591300699,False,
0.0,0.35,0.65,anova_f,10,0.7977311146574382,10.0,0.9926214695646963,0.6705662740576324,False,
0.0,0.4,0.6,anova_f,10,0.7977311146574382,10.0,0.9926214695646963,0.6245583889851946,False,
0.0,0.45,0.55,anova_f,10,0.7977311146574382,10.0,0.9926214695646963,0.578550503912757,False,
0.0,0.5,0.5,anova_f,10,0.7977311146574382,10.0,0.9926214695646963,0.5325426188403192,False,
0.0,0.55,0.45,anova_f,10,0.7977311146574382,10.0,0.9926214695646963,0.4865347337678815,False,
0.0,0.6,0.4,anova_f,10,0.7977311146574382,10.0,0.9926214695646963,0.4405268486954438,False,
0.0,0.65,0.35,anova_f,10,0.7977311146574382,10.0,0.9926214695646963,0.394518963623006,False,
0.0,0.7,0.3,anova_f,10,0.7977311146574382,10.0,0.9926214695646963,0.3485110785505683,False,
0.0,0.75,0.25,anova_f,10,0.7977311146574382,10.0,0.9926214695646963,0.3025031934781306,False,
0.0,0.8,0.2,anova_f,10,0.7977311146574382,10.0,0.9926214695646963,0.2564953084056929,False,
0.0,0.85,0.15,anova_f,10,0.7977311146574382,10.0,0.9926214695646963,0.21048742333325515,False,
0.0,0.9,0.1,anova_f,10,0.7977311146574382,10.0,0.9926214695646963,0.16447953826081746,False,
0.0,0.95,0.05,anova_f,10,0.7977311146574382,10.0,0.9926214695646963,0.11847165318837974,False,
0.0,1.0,0.0,anova_f,10,0.7977311146574382,10.0,0.9926214695646963,0.07246376811594203,False,
0.05,0.0,0.95,mutual_info,10,0.8119349732536963,10.0,0.9926214695646963,0.9523936474237767,False,
0.05,0.05,0.9,mutual_info,10,0.8119349732536963,10.0,0.9926214695646963,0.9063857623513389,False,
0.05,0.1,0.85,mutual_info,10,0.8119349732536963,10.0,0.9926214695646963,0.8603778772789012,False,
0.05,0.15,0.8,mutual_info,10,0.8119349732536963,10.0,0.9926214695646963,0.8143699922064636,False,
0.05,0.2,0.75,mutual_info,10,0.8119349732536963,10.0,0.9926214695646963,0.7683621071340259,False,
0.05,0.25,0.7,mutual_info,10,0.8119349732536963,10.0,0.9926214695646963,0.7223542220615881,False,
0.05,0.3,0.65,mutual_info,10,0.8119349732536963,10.0,0.9926214695646963,0.6763463369891505,False,
0.05,0.35,0.6,mutual_info,10,0.8119349732536963,10.0,0.9926214695646963,0.6303384519167126,False,
0.05,0.4,0.55,mutual_info,10,0.8119349732536963,10.0,0.9926214695646963,0.584330566844275,False,
0.05,0.45,0.5,mutual_info,10,0.8119349732536963,10.0,0.9926214695646963,0.5383226817718373,False,
0.05,0.5,0.45,mutual_info,10,0.8119349732536963,10.0,0.9926214695646963,0.49231479669939954,False,
0.05,0.55,0.4,mutual_info,10,0.8119349732536963,10.0,0.9926214695646963,0.44630691162696184,False,
0.05,0.6,0.35,mutual_info,10,0.8119349732536963,10.0,0.9926214695646963,0.4002990265545241,False,
0.05,0.65,0.3,mutual_info,10,0.8119349732536963,10.0,0.9926214695646963,0.35429114148208635,False,
0.05,0.7,0.25,mutual_info,10,0.8119349732536963,10.0,0.9926214695646963,0.3082832564096487,False,
0.05,0.75,0.2,mutual_info,10,0.8119349732536963,10.0,0.9926214695646963,0.262275371337211,False,
0.05,0.8,0.15,mutual_info,10,0.8119349732536963,10.0,0.9926214695646963,0.21626748626477324,False,
0.05,0.85,0.1,mutual_info,10,0.8119349732536963,10.0,0.9926214695646963,0.17025960119233555,False,
0.05,0.9,0.05,mutual_info,10,0.8119349732536963,10.0,0.9926214695646963,0.12425171611989783,False,
0.05,0.95,0.0,gb_importance,10,0.8190839106829236,10.0,0.9999999999999998,0.07788638417599875,False,
0.1,0.0,0.9,mutual_info,10,0.8119349732536963,10.0,0.9926214695646963,0.9121658252828571,False,
0.1,0.05,0.85,mutual_info,10,0.8119349732536963,10.0,0.9926214695646963,0.8661579402104194,False,
0.1,0.1,0.8,mutual_info,10,0.8119349732536963,10.0,0.9926214695646963,0.8201500551379817,False,
0.1,0.15,0.75,mutual_info,10,0.8119349732536963,10.0,0.9926214695646963,0.774142170065544,False,
0.1,0.2,0.7,mutual_info,10,0.8119349732536963,10.0,0.9926214695646963,0.7281342849931062,False,
0.1,0.25,0.65,mutual_info,10,0.8119349732536963,10.0,0.9926214695646963,0.6821263999206685,False,
0.1,0.3,0.6,mutual_info,10,0.8119349732536963,10.0,0.9926214695646963,0.6361185148482307,False,
0.1,0.35,0.55,mutual_info,10,0.8119349732536963,10.0,0.9926214695646963,0.5901106297757931,False,
0.1,0.4,0.5,mutual_info,10,0.8119349732536963,10.0,0.9926214695646963,0.5441027447033553,False,
0.1,0.45,0.45,mutual_info,10,0.8119349732536963,10.0,0.9926214695646963,0.49809485963091765,False,
0.1,0.5,0.4,mutual_info,10,0.8119349732536963,10.0,0.9926214695646963,0.4520869745584799,False,
0.1,0.55,0.35,mutual_info,10,0.8119349732536963,10.0,0.9926214695646963,0.40607908948604216,False,
0.1,0.6,0.3,mutual_info,10,0.8119349732536963,10.0,0.9926214695646963,0.36007120441360446,False,
0.1,0.65,0.25,mutual_info,10,0.8119349732536963,10.0,0.9926214695646963,0.31406331934116677,False,
0.1,0.7,0.2,mutual_info,10,0.8119349732536963,10.0,0.9926214695646963,0.268055434268729,False,
0.1,0.75,0.15,mutual_info,10,0.8119349732536963,10.0,0.9926214695646963,0.22204754919629133,False,
0.1,0.8,0.1,mutual_info,10,0.8119349732536963,10.0,0.9926214695646963,0.17603966412385363,False,
0.1,0.85,0.05,gb_importance,10,0.8190839106829236,10.0,0.9999999999999998,0.12968581183025835,False,
0.1,0.9,0.0,gb_importance,10,0.8190839106829236,10.0,0.9999999999999998,0.08330900023605546,False,
0.15,0.0,0.85,mutual_info,10,0.8119349732536963,10.0,0.9926214695646963,0.8719380031419375,False,
0.15,0.05,0.8,mutual_info,10,0.8119349732536963,10.0,0.9926214695646963,0.8259301180694998,False,
0.15,0.1,0.75,mutual_info,10,0.8119349732536963,10.0,0.9926214695646963,0.779922232997062,False,
0.15,0.15,0.7,mutual_info,10,0.8119349732536963,10.0,0.9926214695646963,0.7339143479246242,False,
0.15,0.2,0.65,mutual_info,10,0.8119349732536963,10.0,0.9926214695646963,0.6879064628521866,False,
0.15,0.25,0.6,mutual_info,10,0.8119349732536963,10.0,0.9926214695646963,0.6418985777797488,False,
0.15,0.3,0.55,mutual_info,10,0.8119349732536963,10.0,0.9926214695646963,0.5958906927073112,False,
0.15,0.35,0.5,mutual_info,10,0.8119349732536963,10.0,0.9926214695646963,0.5498828076348734,False,
0.15,0.4,0.45,mutual_info,10,0.8119349732536963,10.0,0.9926214695646963,0.5038749225624357,False,
0.15,0.45,0.4,mutual_info,10,0.8119349732536963,10.0,0.9926214695646963,0.457867037489998,False,
0.15,0.5,0.35,mutual_info,10,0.8119349732536963,10.0,0.9926214695646963,0.4118591524175602,False,
0.15,0.55,0.3,mutual_info,10,0.8119349732536963,10.0,0.9926214695646963,0.3658512673451225,False,
0.15,0.6,0.25,mutual_info,10,0.8119349732536963,10.0,0.9926214695646963,0.31984338227268483,False,
0.15,0.65,0.2,mutual_info,10,0.8119349732536963,10.0,0.9926214695646963,0.27383549720024714,False,
0.15,0.7,0.15,mutual_info,10,0.8119349732536963,10.0,0.9926214695646963,0.2278276121278094,False,
0.15,0.75,0.1,gb_importance,10,0.8190839106829236,10.0,0.9999999999999998,0.18148523948451795,False,
0.15,0.8,0.05,gb_importance,10,0.8190839106829236,10.0,0.9999999999999998,0.13510842789031507,False,
0.15,0.85,0.0,gb_importance,10,0.8190839106829236,10.0,0.9999999999999998,0.08873161629611218,False,
0.2,0.0,0.8,rf_importance,20,0.8246597361705674,20.0,0.9952290674525848,0.8312513067279544,False,
0.2,0.05,0.75,mutual_info,10,0.8119349732536963,10.0,0.9926214695646963,0.7857022959285801,False,
0.2,0.1,0.7,mutual_info,10,0.8119349732536963,10.0,0.9926214695646963,0.7396944108561423,False,
0.2,0.15,0.65,mutual_info,10,0.8119349732536963,10.0,0.9926214695646963,0.6936865257837047,False,
0.2,0.2,0.6,mutual_info,10,0.8119349732536963,10.0,0.9926214695646963,0.6476786407112669,False,
0.2,0.25,0.55,mutual_info,10,0.8119349732536963,10.0,0.9926214695646963,0.6016707556388292,False,
0.2,0.3,0.5,mutual_info,10,0.8119349732536963,10.0,0.9926214695646963,0.5556628705663915,False,
0.2,0.35,0.45,mutual_info,10,0.8119349732536963,10.0,0.9926214695646963,0.5096549854939538,False,
0.2,0.4,0.4,mutual_info,10,0.8119349732536963,10.0,0.9926214695646963,0.4636471004215161,False,
0.2,0.45,0.35,mutual_info,10,0.8119349732536963,10.0,0.9926214695646963,0.41763921534907833,False,
0.2,0.5,0.3,mutual_info,10,0.8119349732536963,10.0,0.9926214695646963,0.37163133027664064,False,
0.2,0.55,0.25,mutual_info,10,0.8119349732536963,10.0,0.9926214695646963,0.32562344520420294,False,
0.2,0.6,0.2,mutual_info,10,0.8119349732536963,10.0,0.9926214695646963,0.27961556013176525,False,
0.2,0.65,0.15,gb_importance,10,0.8190839106829236,10.0,0.9999999999999998,0.23328466713877755,False,
0.2,0.7,0.1,gb_importance,10,0.8190839106829236,10.0,0.9999999999999998,0.18690785554457467,False,
0.2,0.75,0.05,gb_importance,10,0.8190839106829236,10.0,0.9999999999999998,0.1405310439503718,False,
0.2,0.8,0.0,gb_importance,10,0.8190839106829236,10.0,0.9999999999999998,0.0941542323561689,False,
0.25,0.0,0.75,rf_importance,20,0.8246597361705674,20.0,0.9952290674525848,0.7902568665467966,False,
0.25,0.05,0.7,mutual_info,10,0.8119349732536963,10.0,0.9926214695646963,0.7454744737876604,False,
0.25,0.1,0.65,mutual_info,10,0.8119349732536963,10.0,0.9926214695646963,0.6994665887152227,False,
0.25,0.15,0.6,mutual_info,10,0.8119349732536963,10.0,0.9926214695646963,0.6534587036427849,False,
0.25,0.2,0.55,mutual_info,10,0.8119349732536963,10.0,0.9926214695646963,0.6074508185703473,False,
0.25,0.25,0.5,mutual_info,10,0.8119349732536963,10.0,0.9926214695646963,0.5614429334979096,False,
0.25,0.3,0.45,mutual_info,10,0.8119349732536963,10.0,0.9926214695646963,0.5154350484254718,False,
0.25,0.35,0.4,mutual_info,10,0.8119349732536963,10.0,0.9926214695646963,0.46942716335303414,False,
0.25,0.4,0.35,mutual_info,10,0.8119349732536963,10.0,0.9926214695646963,0.4234192782805964,False,
0.25,0.45,0.3,mutual_info,10,0.8119349732536963,10.0,0.9926214695646963,0.3774113932081587,False,
0.25,0.5,0.25,mutual_info,10,0.8119349732536963,10.0,0.9926214695646963,0.331403508135721,False,
0.25,0.55,0.2,gb_importance,10,0.8190839106829236,10.0,0.9999999999999998,0.2850840947930372,False,
0.25,0.6,0.15,gb_importance,10,0.8190839106829236,10.0,0.9999999999999998,0.23870728319883427,False,
0.25,0.65,0.1,gb_importance,10,0.8190839106829236,10.0,0.9999999999999998,0.1923304716046314,False,
0.25,0.7,0.05,gb_importance,10,0.8190839106829236,10.0,0.9999999999999998,0.1459536600104285,False,
0.25,0.75,0.0,gb_importance,10,0.8190839106829236,10.0,0.9999999999999998,0.09957684841622562,False,
0.3,0.0,0.7,gb_importance,60,0.8369947368501383,60.0,0.9999999999999998,0.7489015789449583,False,
0.3,0.05,0.65,mutual_info,10,0.8119349732536963,10.0,0.9926214695646963,0.7052466516467408,False,
0.3,0.1,0.6,mutual_info,10,0.8119349732536963,10.0,0.9926214695646963,0.659238766574303,False,
0.3,0.15,0.55,mutual_info,10,0.8119349732536963,10.0,0.9926214695646963,0.6132308815018654,False,
0.3,0.2,0.5,mutual_info,10,0.8119349732536963,10.0,0.9926214695646963,0.5672229964294276,False,
0.3,0.25,0.45,mutual_info,10,0.8119349732536963,10.0,0.9926214695646963,0.52121511135699,False,
0.3,0.3,0.4,mutual_info,10,0.8119349732536963,10.0,0.9926214695646963,0.47520722628455225,False,
0.3,0.35,0.35,mutual_info,10,0.8119349732536963,10.0,0.9926214695646963,0.42919934121211445,False,
0.3,0.4,0.3,mutual_info,10,0.8119349732536963,10.0,0.9926214695646963,0.38319145613967676,False,
0.3,0.45,0.25,gb_importance,10,0.8190839106829236,10.0,0.9999999999999998,0.3368835224472968,False,
0.3,0.5,0.2,gb_importance,10,0.8190839106829236,10.0,0.9999999999999998,0.2905067108530939,False,
0.3,0.55,0.15,gb_importance,10,0.8190839106829236,10.0,0.9999999999999998,0.244129899258891,False,
0.3,0.6,0.1,gb_importance,10,0.8190839106829236,10.0,0.9999999999999998,0.1977530876646881,False,
0.3,0.65,0.05,gb_importance,10,0.8190839106829236,10.0,0.9999999999999998,0.1513762760704852,False,
0.3,0.7,0.0,gb_importance,10,0.8190839106829236,10.0,0.9999999999999998,0.10499946447628233,False,
0.35,0.0,0.65,gb_importance,60,0.8369947368501383,60.0,0.9999999999999998,0.7070518421024515,False,
0.35,0.05,0.6,mutual_info,10,0.8119349732536963,10.0,0.9926214695646963,0.6650188295058211,False,
0.35,0.1,0.55,mutual_info,10,0.8119349732536963,10.0,0.9926214695646963,0.6190109444333836,False,
0.35,0.15,0.5,mutual_info,10,0.8119349732536963,10.0,0.9926214695646963,0.5730030593609458,False,
0.35,0.2,0.45,mutual_info,10,0.8119349732536963,10.0,0.9926214695646963,0.5269951742885081,False,
0.35,0.25,0.4,mutual_info,10,0.8119349732536963,10.0,0.9926214695646963,0.4809872892160703,False,
0.35,0.3,0.35,mutual_info,10,0.8119349732536963,10.0,0.9926214695646963,0.43497940414363256,False,
0.35,0.35,0.3,gb_importance,10,0.8190839106829236,10.0,0.9999999999999998,0.3886829501015564,False,
0.35,0.4,0.25,gb_importance,10,0.8190839106829236,10.0,0.9999999999999998,0.3423061385073535,False,
0.35,0.45,0.2,gb_importance,10,0.8190839106829236,10.0,0.9999999999999998,0.2959293269131506,False,
0.35,0.5,0.15,gb_importance,10,0.8190839106829236,10.0,0.9999999999999998,0.2495525153189477,False,
0.35,0.55,0.1,gb_importance,10,0.8190839106829236,10.0,0.9999999999999998,0.20317570372474483,False,
0.35,0.6,0.05,gb_importance,10,0.8190839106829236,10.0,0.9999999999999998,0.15679889213054193,False,
0.35,0.65,0.0,gb_importance,10,0.8190839106829236,10.0,0.9999999999999998,0.11042208053633905,False,
0.4,0.0,0.6,gb_importance,60,0.8369947368501383,60.0,0.9999999999999998,0.6652021052599446,False,
0.4,0.05,0.55,gb_importance,20,0.8323070641442019,20.0,0.9999999999999998,0.6243235511539134,False,
0.4,0.1,0.5,mutual_info,10,0.8119349732536963,10.0,0.9926214695646963,0.5787831222924639,False,
0.4,0.15,0.45,mutual_info,10,0.8119349732536963,10.0,0.9926214695646963,0.5327752372200261,False,
0.4,0.2,0.4,mutual_info,10,0.8119349732536963,10.0,0.9926214695646963,0.48676735214758843,False,
0.4,0.25,0.35,gb_importance,10,0.8190839106829236,10.0,0.9999999999999998,0.440482377755816,False,
0.4,0.3,0.3,gb_importance,10,0.8190839106829236,10.0,0.9999999999999998,0.3941055661616131,False,
0.4,0.35,0.25,gb_importance,10,0.8190839106829236,10.0,0.9999999999999998,0.3477287545674102,False,
0.4,0.4,0.2,gb_importance,10,0.8190839106829236,10.0,0.9999999999999998,0.30135194297320733,False,
0.4,0.45,0.15,gb_importance,10,0.8190839106829236,10.0,0.9999999999999998,0.2549751313790044,False,
0.4,0.5,0.1,gb_importance,10,0.8190839106829236,10.0,0.9999999999999998,0.20859831978480153,False,
0.4,0.55,0.05,gb_importance,10,0.8190839106829236,10.0,0.9999999999999998,0.16222150819059866,False,
0.4,0.6,0.0,gb_importance,10,0.8190839106829236,10.0,0.9999999999999998,0.11584469659639576,False,
0.45,0.0,0.55,gb_importance,60,0.8369947368501383,60.0,0.9999999999999998,0.6233523684174377,False,
0.45,0.05,0.5,gb_importance,20,0.8323070641442019,20.0,0.9999999999999998,0.5827081979467033,False,
0.45,0.1,0.45,mutual_info,10,0.8119349732536963,10.0,0.9926214695646963,0.5385553001515442,False,
0.45,0.15,0.4,gb_importance,10,0.8190839106829236,10.0,0.9999999999999998,0.4922818054100756,False,
0.45,0.2,0.35,gb_importance,10,0.8190839106829236,10.0,0.9999999999999998,0.4459049938158727,False,
0.45,0.25,0.3,gb_importance,10,0.8190839106829236,10.0,0.9999999999999998,0.3995281822216698,False,
0.45,0.3,0.25,gb_importance,10,0.8190839106829236,10.0,0.9999999999999998,0.35315137062746693,False,
0.45,0.35,0.2,gb_importance,10,0.8190839106829236,10.0,0.9999999999999998,0.306774559033264,False,
0.45,0.4,0.15,gb_importance,10,0.8190839106829236,10.0,0.9999999999999998,0.26039774743906113,False,
0.45,0.45,0.1,gb_importance,10,0.8190839106829236,10.0,0.9999999999999998,0.21402093584485826,False,
0.45,0.5,0.05,gb_importance,10,0.8190839106829236,10.0,0.9999999999999998,0.16764412425065536,False,
0.45,0.55,0.0,gb_importance,10,0.8190839106829236,10.0,0.9999999999999998,0.12126731265645249,False,
0.5,0.0,0.5,gb_importance,60,0.8369947368501383,60.0,0.9999999999999998,0.5815026315749308,False,
0.5,0.05,0.45,gb_importance,20,0.8323070641442019,20.0,0.9999999999999998,0.5410928447394932,False,
0.5,0.1,0.4,gb_importance,10,0.8190839106829236,10.0,0.9999999999999998,0.4977044214701323,False,
0.5,0.15,0.35,gb_importance,10,0.8190839106829236,10.0,0.9999999999999998,0.4513276098759294,False,
0.5,0.2,0.3,gb_importance,10,0.8190839106829236,10.0,0.9999999999999998,0.40495079828172653,False,
0.5,0.25,0.25,gb_importance,10,0.8190839106829236,10.0,0.9999999999999998,0.3585739866875236,False,
0.5,0.3,0.2,gb_importance,10,0.8190839106829236,10.0,0.9999999999999998,0.31219717509332073,False,
0.5,0.35,0.15,gb_importance,10,0.8190839106829236,10.0,0.9999999999999998,0.26582036349911786,False,
0.5,0.4,0.1,gb_importance,10,0.8190839106829236,10.0,0.9999999999999998,0.219443551904915,False,
0.5,0.45,0.05,gb_importance,10,0.8190839106829236,10.0,0.9999999999999998,0.1730667403107121,False,
0.5,0.5,0.0,gb_importance,10,0.8190839106829236,10.0,0.9999999999999998,0.1266899287165092,False,
0.55,0.0,0.45,gb_importance,60,0.8369947368501383,60.0,0.9999999999999998,0.5396528947324238,False,
0.55,0.05,0.4,gb_importance,20,0.8323070641442019,20.0,0.9999999999999998,0.4994774915322831,False,
0.55,0.1,0.35,gb_importance,20,0.8323070641442019,20.0,0.9999999999999998,0.45672386834387735,False,
0.55,0.15,0.3,gb_importance,10,0.8190839106829236,10.0,0.9999999999999998,0.41037341434178326,False,
0.55,0.2,0.25,gb_importance,10,0.8190839106829236,10.0,0.9999999999999998,0.3639966027475804,False,
0.55,0.25,0.2,gb_importance,10,0.8190839106829236,10.0,0.9999999999999998,0.31761979115337746,False,
0.55,0.3,0.15,gb_importance,10,0.8190839106829236,10.0,0.9999999999999998,0.2712429795591746,False,
0.55,0.35,0.1,gb_importance,10,0.8190839106829236,10.0,0.9999999999999998,0.22486616796497172,False,
0.55,0.4,0.05,gb_importance,10,0.8190839106829236,10.0,0.9999999999999998,0.17848935637076882,False,
0.55,0.45,0.0,gb_importance,10,0.8190839106829236,10.0,0.9999999999999998,0.13211254477656592,False,
0.6,0.0,0.4,gb_importance,60,0.8369947368501383,60.0,0.9999999999999998,0.49780315788991697,False,
0.6,0.05,0.35,gb_importance,20,0.8323070641442019,20.0,0.9999999999999998,0.457862138325073,False,
0.6,0.1,0.3,gb_importance,20,0.8323070641442019,20.0,0.9999999999999998,0.41510851513666724,False,
0.6,0.15,0.25,gb_importance,10,0.8190839106829236,10.0,0.9999999999999998,0.36941921880763706,False,
0.6,0.2,0.2,gb_importance,10,0.8190839106829236,10.0,0.9999999999999998,0.3230424072134342,False,
0.6,0.25,0.15,gb_importance,10,0.8190839106829236,10.0,0.9999999999999998,0.2766655956192313,False,
0.6,0.3,0.1,gb_importance,10,0.8190839106829236,10.0,0.9999999999999998,0.2302887840250284,False,
0.6,0.35,0.05,gb_importance,10,0.8190839106829236,10.0,0.9999999999999998,0.18391197243082552,False,
0.6,0.4,0.0,gb_importance,10,0.8190839106829236,10.0,0.9999999999999998,0.13753516083662265,False,
0.65,0.0,0.35,gb_importance,60,0.8369947368501383,60.0,0.9999999999999998,0.45595342104741005,False,
0.65,0.05,0.3,gb_importance,20,0.8323070641442019,20.0,0.9999999999999998,0.41624678511786295,False,
0.65,0.1,0.25,gb_importance,20,0.8323070641442019,20.0,0.9999999999999998,0.37349316192945714,False,
0.65,0.15,0.2,gb_importance,10,0.8190839106829236,10.0,0.9999999999999998,0.3284650232734909,False,
0.65,0.2,0.15,gb_importance,10,0.8190839106829236,10.0,0.9999999999999998,0.282088211679288,False,
0.65,0.25,0.1,gb_importance,10,0.8190839106829236,10.0,0.9999999999999998,0.23571140008508512,False,
0.65,0.3,0.05,gb_importance,10,0.8190839106829236,10.0,0.9999999999999998,0.18933458849088225,False,
0.65,0.35,0.0,gb_importance,10,0.8190839106829236,10.0,0.9999999999999998,0.14295777689667935,False,
0.7,0.0,0.3,gb_importance,60,0.8369947368501383,60.0,0.9999999999999998,0.4141036842049032,False,
0.7,0.05,0.25,gb_importance,20,0.8323070641442019,20.0,0.9999999999999998,0.37463143191065285,False,
0.7,0.1,0.2,gb_importance,20,0.8323070641442019,20.0,0.9999999999999998,0.33187780872224704,False,
0.7,0.15,0.15,gb_importance,10,0.8190839106829236,10.0,0.9999999999999998,0.2875108277393447,False,
0.7,0.2,0.1,gb_importance,10,0.8190839106829236,10.0,0.9999999999999998,0.24113401614514185,False,
0.7,0.25,0.05,gb_importance,10,0.8190839106829236,10.0,0.9999999999999998,0.19475720455093895,False,
0.7,0.3,0.0,gb_importance,10,0.8190839106829236,10.0,0.9999999999999998,0.14838039295673605,False,
0.75,0.0,0.25,gb_importance,60,0.8369947368501383,60.0,0.9999999999999998,0.37225394736239625,False,
0.75,0.05,0.2,gb_importance,20,0.8323070641442019,20.0,0.9999999999999998,0.33301607870344274,False,
0.75,0.1,0.15,gb_importance,20,0.8323070641442019,20.0,0.9999999999999998,0.290262455515037,False,
0.75,0.15,0.1,gb_importance,10,0.8190839106829236,10.0,0.9999999999999998,0.24655663220519855,False,
0.75,0.2,0.05,gb_importance,10,0.8190839106829236,10.0,0.9999999999999998,0.20017982061099568,False,
0.75,0.25,0.0,gb_importance,10,0.8190839106829236,10.0,0.9999999999999998,0.15380300901679278,False,
0.8,0.0,0.2,gb_importance,60,0.8369947368501383,60.0,0.9999999999999998,0.33040421051988933,False,
0.8,0.05,0.15,gb_importance,20,0.8323070641442019,20.0,0.9999999999999998,0.2914007254962327,False,
0.8,0.1,0.1,gb_importance,20,0.8323070641442019,20.0,0.9999999999999998,0.2486471023078269,False,
0.8,0.15,0.05,gb_importance,10,0.8190839106829236,10.0,0.9999999999999998,0.20560243667105238,False,
0.8,0.2,0.0,gb_importance,10,0.8190839106829236,10.0,0.9999999999999998,0.1592256250768495,False,
0.85,0.0,0.15,gb_importance,60,0.8369947368501383,60.0,0.9999999999999998,0.2885544736773824,False,
0.85,0.05,0.1,gb_importance,20,0.8323070641442019,20.0,0.9999999999999998,0.2497853722890226,False,
0.85,0.1,0.05,gb_importance,20,0.8323070641442019,20.0,0.9999999999999998,0.2070317491006168,False,
0.85,0.15,0.0,gb_importance,20,0.8323070641442019,20.0,0.9999999999999998,0.16427812591221103,False,
0.9,0.0,0.1,gb_importance,60,0.8369947368501383,60.0,0.9999999999999998,0.24670473683487557,False,
0.9,0.05,0.05,gb_importance,20,0.8323070641442019,20.0,0.9999999999999998,0.20817001908181254,False,
0.9,0.1,0.0,gb_importance,20,0.8323070641442019,20.0,0.9999999999999998,0.16541639589340676,False,
0.95,0.0,0.05,gb_importance,60,0.8369947368501383,60.0,0.9999999999999998,0.20485499999236864,False,
0.95,0.05,0.0,gb_importance,20,0.8323070641442019,20.0,0.9999999999999998,0.16655466587460244,False,
1.0,0.0,0.0,gb_importance,60,0.8369947368501383,60.0,0.9999999999999998,0.16300526314986175,False,
0.0,0.0,1.0,anova_f,80,0.8308465625069051,80.0,0.9999999999999998,0.9999999999999998,True,0.8298204920852609
0.0,0.05,0.95,gb_importance,20,0.8323070641442019,20.0,0.9999999999999998,0.957246376811594,True,0.8298204920852609
0.0,0.1,0.9,gb_importance,20,0.8323070641442019,20.0,0.9999999999999998,0.9144927536231882,True,0.8298204920852609
0.0,0.15,0.85,gb_importance,20,0.8323070641442019,20.0,0.9999999999999998,0.8717391304347823,True,0.8298204920852609
0.0,0.2,0.8,gb_importance,20,0.8323070641442019,20.0,0.9999999999999998,0.8289855072463767,True,0.8298204920852609
0.0,0.25,0.75,gb_importance,20,0.8323070641442019,20.0,0.9999999999999998,0.7862318840579708,True,0.8298204920852609
0.0,0.3,0.7,gb_importance,20,0.8323070641442019,20.0,0.9999999999999998,0.743478260869565,True,0.8298204920852609
0.0,0.35,0.65,gb_importance,20,0.8323070641442019,20.0,0.9999999999999998,0.7007246376811593,True,0.8298204920852609
0.0,0.4,0.6,gb_importance,20,0.8323070641442019,20.0,0.9999999999999998,0.6579710144927535,True,0.8298204920852609
0.0,0.45,0.55,gb_importance,20,0.8323070641442019,20.0,0.9999999999999998,0.6152173913043477,True,0.8298204920852609
0.0,0.5,0.5,gb_importance,20,0.8323070641442019,20.0,0.9999999999999998,0.5724637681159419,True,0.8298204920852609
0.0,0.55,0.45,gb_importance,20,0.8323070641442019,20.0,0.9999999999999998,0.5297101449275361,True,0.8298204920852609
0.0,0.6,0.4,gb_importance,20,0.8323070641442019,20.0,0.9999999999999998,0.48695652173913034,True,0.8298204920852609
0.0,0.65,0.35,gb_importance,20,0.8323070641442019,20.0,0.9999999999999998,0.4442028985507246,True,0.8298204920852609
0.0,0.7,0.3,gb_importance,20,0.8323070641442019,20.0,0.9999999999999998,0.4014492753623188,True,0.8298204920852609
0.0,0.75,0.25,gb_importance,20,0.8323070641442019,20.0,0.9999999999999998,0.35869565217391297,True,0.8298204920852609
0.0,0.8,0.2,gb_importance,20,0.8323070641442019,20.0,0.9999999999999998,0.3159420289855072,True,0.8298204920852609
0.0,0.85,0.15,gb_importance,20,0.8323070641442019,20.0,0.9999999999999998,0.2731884057971014,True,0.8298204920852609
0.0,0.9,0.1,gb_importance,20,0.8323070641442019,20.0,0.9999999999999998,0.23043478260869563,True,0.8298204920852609
0.0,0.95,0.05,gb_importance,20,0.8323070641442019,20.0,0.9999999999999998,0.18768115942028984,True,0.8298204920852609
0.0,1.0,0.0,gb_importance,20,0.8323070641442019,20.0,0.9999999999999998,0.14492753623188406,True,0.8298204920852609
0.05,0.0,0.95,gb_importance,60,0.8369947368501383,60.0,0.9999999999999998,0.9581502631574929,True,0.8298204920852609
0.05,0.05,0.9,gb_importance,20,0.8323070641442019,20.0,0.9999999999999998,0.9156310236043839,True,0.8298204920852609
0.05,0.1,0.85,gb_importance,20,0.8323070641442019,20.0,0.9999999999999998,0.872877400415978,True,0.8298204920852609
0.05,0.15,0.8,gb_importance,20,0.8323070641442019,20.0,0.9999999999999998,0.8301237772275724,True,0.8298204920852609
0.05,0.2,0.75,gb_importance,20,0.8323070641442019,20.0,0.9999999999999998,0.7873701540391665,True,0.8298204920852609
0.05,0.25,0.7,gb_importance,20,0.8323070641442019,20.0,0.9999999999999998,0.7446165308507607,True,0.8298204920852609
0.05,0.3,0.65,gb_importance,20,0.8323070641442019,20.0,0.9999999999999998,0.701862907662355,True,0.8298204920852609
0.05,0.35,0.6,gb_importance,20,0.8323070641442019,20.0,0.9999999999999998,0.6591092844739492,True,0.8298204920852609
0.05,0.4,0.55,gb_importance,20,0.8323070641442019,20.0,0.9999999999999998,0.6163556612855434,True,0.8298204920852609
0.05,0.45,0.5,gb_importance,20,0.8323070641442019,20.0,0.9999999999999998,0.5736020380971376,True,0.8298204920852609
0.05,0.5,0.45,gb_importance,20,0.8323070641442019,20.0,0.9999999999999998,0.5308484149087318,True,0.8298204920852609
0.05,0.55,0.4,gb_importance,20,0.8323070641442019,20.0,0.9999999999999998,0.48809479172032605,True,0.8298204920852609
0.05,0.6,0.35,gb_importance,20,0.8323070641442019,20.0,0.9999999999999998,0.4453411685319203,True,0.8298204920852609
0.05,0.65,0.3,gb_importance,20,0.8323070641442019,20.0,0.9999999999999998,0.4025875453435145,True,0.8298204920852609
0.05,0.7,0.25,gb_importance,20,0.8323070641442019,20.0,0.9999999999999998,0.3598339221551087,True,0.8298204920852609
0.05,0.75,0.2,gb_importance,20,0.8323070641442019,20.0,0.9999999999999998,0.3170802989667029,True,0.8298204920852609
0.05,0.8,0.15,gb_importance,20,0.8323070641442019,20.0,0.9999999999999998,0.27432667577829717,True,0.8298204920852609
0.05,0.85,0.1,gb_importance,20,0.8323070641442019,20.0,0.9999999999999998,0.23157305258989133,True,0.8298204920852609
0.05,0.9,0.05,gb_importance,20,0.8323070641442019,20.0,0.9999999999999998,0.18881942940148555,True,0.8298204920852609
0.05,0.95,0.0,gb_importance,20,0.8323070641442019,20.0,0.9999999999999998,0.14606580621307977,True,0.8298204920852609
0.1,0.0,0.9,gb_importance,60,0.8369947368501383,60.0,0.9999999999999998,0.9163005263149859,True,0.8298204920852609
0.1,0.05,0.85,gb_importance,20,0.8323070641442019,20.0,0.9999999999999998,0.8740156703971738,True,0.8298204920852609
0.1,0.1,0.8,gb_importance,20,0.8323070641442019,20.0,0.9999999999999998,0.8312620472087681,True,0.8298204920852609
0.1,0.15,0.75,gb_importance,20,0.8323070641442019,20.0,0.9999999999999998,0.7885084240203621,True,0.8298204920852609
0.1,0.2,0.7,gb_importance,20,0.8323070641442019,20.0,0.9999999999999998,0.7457548008319564,True,0.8298204920852609
0.1,0.25,0.65,gb_importance,20,0.8323070641442019,20.0,0.9999999999999998,0.7030011776435507,True,0.8298204920852609
0.1,0.3,0.6,gb_importance,20,0.8323070641442019,20.0,0.9999999999999998,0.6602475544551449,True,0.8298204920852609
0.1,0.35,0.55,gb_importance,20,0.8323070641442019,20.0,0.9999999999999998,0.6174939312667391,True,0.8298204920852609
0.1,0.4,0.5,gb_importance,20,0.8323070641442019,20.0,0.9999999999999998,0.5747403080783333,True,0.8298204920852609
0.1,0.45,0.45,gb_importance,20,0.8323070641442019,20.0,0.9999999999999998,0.5319866848899275,True,0.8298204920852609
0.1,0.5,0.4,gb_importance,20,0.8323070641442019,20.0,0.9999999999999998,0.48923306170152175,True,0.8298204920852609
0.1,0.55,0.35,gb_importance,20,0.8323070641442019,20.0,0.9999999999999998,0.446479438513116,True,0.8298204920852609
0.1,0.6,0.3,gb_importance,20,0.8323070641442019,20.0,0.9999999999999998,0.4037258153247102,True,0.8298204920852609
0.1,0.65,0.25,gb_importance,20,0.8323070641442019,20.0,0.9999999999999998,0.3609721921363044,True,0.8298204920852609
0.1,0.7,0.2,gb_importance,20,0.8323070641442019,20.0,0.9999999999999998,0.3182185689478986,True,0.8298204920852609
0.1,0.75,0.15,gb_importance,20,0.8323070641442019,20.0,0.9999999999999998,0.2754649457594929,True,0.8298204920852609
0.1,0.8,0.1,gb_importance,20,0.8323070641442019,20.0,0.9999999999999998,0.23271132257108706,True,0.8298204920852609
0.1,0.85,0.05,gb_importance,20,0.8323070641442019,20.0,0.9999999999999998,0.18995769938268126,True,0.8298204920852609
0.1,0.9,0.0,gb_importance,20,0.8323070641442019,20.0,0.9999999999999998,0.14720407619427547,True,0.8298204920852609
0.15,0.0,0.85,gb_importance,60,0.8369947368501383,60.0,0.9999999999999998,0.874450789472479,True,0.8298204920852609
0.15,0.05,0.8,gb_importance,20,0.8323070641442019,20.0,0.9999999999999998,0.8324003171899638,True,0.8298204920852609
0.15,0.1,0.75,gb_importance,20,0.8323070641442019,20.0,0.9999999999999998,0.7896466940015578,True,0.8298204920852609
0.15,0.15,0.7,gb_importance,20,0.8323070641442019,20.0,0.9999999999999998,0.7468930708131521,True,0.8298204920852609
0.15,0.2,0.65,gb_importance,20,0.8323070641442019,20.0,0.9999999999999998,0.7041394476247465,True,0.8298204920852609
0.15,0.25,0.6,gb_importance,20,0.8323070641442019,20.0,0.9999999999999998,0.6613858244363406,True,0.8298204920852609
0.15,0.3,0.55,gb_importance,20,0.8323070641442019,20.0,0.9999999999999998,0.6186322012479348,True,0.8298204920852609
0.15,0.35,0.5,gb_importance,20,0.8323070641442019,20.0,0.9999999999999998,0.575878578059529,True,0.8298204920852609
0.15,0.4,0.45,gb_importance,20,0.8323070641442019,20.0,0.9999999999999998,0.5331249548711232,True,0.8298204920852609
0.15,0.45,0.4,gb_importance,20,0.8323070641442019,20.0,0.9999999999999998,0.49037133168271746,True,0.8298204920852609
0.15,0.5,0.35,gb_importance,20,0.8323070641442019,20.0,0.9999999999999998,0.4476177084943117,True,0.8298204920852609
0.15,0.55,0.3,gb_importance,20,0.8323070641442019,20.0,0.9999999999999998,0.4048640853059059,True,0.8298204920852609
0.15,0.6,0.25,gb_importance,20,0.8323070641442019,20.0,0.9999999999999998,0.3621104621175001,True,0.8298204920852609
0.15,0.65,0.2,gb_importance,20,0.8323070641442019,20.0,0.9999999999999998,0.31935683892909433,True,0.8298204920852609
0.15,0.7,0.15,gb_importance,20,0.8323070641442019,20.0,0.9999999999999998,0.2766032157406885,True,0.8298204920852609
0.15,0.75,0.1,gb_importance,20,0.8323070641442019,20.0,0.9999999999999998,0.23384959255228274,True,0.8298204920852609
0.15,0.8,0.05,gb_importance,20,0.8323070641442019,20.0,0.9999999999999998,0.19109596936387696,True,0.8298204920852609
0.15,0.85,0.0,gb_importance,20,0.8323070641442019,20.0,0.9999999999999998,0.14834234617547118,True,0.8298204920852609
0.2,0.0,0.8,gb_importance,60,0.8369947368501383,60.0,0.9999999999999998,0.8326010526299722,True,0.8298204920852609
0.2,0.05,0.75,gb_importance,20,0.8323070641442019,20.0,0.9999999999999998,0.7907849639827536,True,0.8298204920852609
0.2,0.1,0.7,gb_importance,20,0.8323070641442019,20.0,0.9999999999999998,0.7480313407943479,True,0.8298204920852609
0.2,0.15,0.65,gb_importance,20,0.8323070641442019,20.0,0.9999999999999998,0.7052777176059422,True,0.8298204920852609
0.2,0.2,0.6,gb_importance,20,0.8323070641442019,20.0,0.9999999999999998,0.6625240944175363,True,0.8298204920852609
0.2,0.25,0.55,gb_importance,20,0.8323070641442019,20.0,0.9999999999999998,0.6197704712291305,True,0.8298204920852609
0.2,0.3,0.5,gb_importance,20,0.8323070641442019,20.0,0.9999999999999998,0.5770168480407247,True,0.8298204920852609
0.2,0.35,0.45,gb_importance,20,0.8323070641442019,20.0,0.9999999999999998,0.5342632248523189,True,0.8298204920852609
0.2,0.4,0.4,gb_importance,20,0.8323070641442019,20.0,0.9999999999999998,0.49150960166391316,True,0.8298204920852609
0.2,0.45,0.35,gb_importance,20,0.8323070641442019,20.0,0.9999999999999998,0.4487559784755074,True,0.8298204920852609
0.2,0.5,0.3,gb_importance,20,0.8323070641442019,20.0,0.9999999999999998,0.4060023552871016,True,0.8298204920852609
0.2,0.55,0.25,gb_importance,20,0.8323070641442019,20.0,0.9999999999999998,0.3632487320986958,True,0.8298204920852609
0.2,0.6,0.2,gb_importance,20,0.8323070641442019,20.0,0.9999999999999998,0.32049510891029,True,0.8298204920852609
0.2,0.65,0.15,gb_importance,20,0.8323070641442019,20.0,0.9999999999999998,0.27774148572188423,True,0.8298204920852609
0.2,0.7,0.1,gb_importance,20,0.8323070641442019,20.0,0.9999999999999998,0.23498786253347845,True,0.8298204920852609
0.2,0.75,0.05,gb_importance,20,0.8323070641442019,20.0,0.9999999999999998,0.19223423934507267,True,0.8298204920852609
0.2,0.8,0.0,gb_importance,20,0.8323070641442019,20.0,0.9999999999999998,0.14948061615666688,True,0.8298204920852609
0.25,0.0,0.75,gb_importance,60,0.8369947368501383,60.0,0.9999999999999998,0.7907513157874653,True,0.8298204920852609
0.25,0.05,0.7,gb_importance,20,0.8323070641442019,20.0,0.9999999999999998,0.7491696107755436,True,0.8298204920852609
0.25,0.1,0.65,gb_importance,20,0.8323070641442019,20.0,0.9999999999999998,0.7064159875871379,True,0.8298204920852609
0.25,0.15,0.6,gb_importance,20,0.8323070641442019,20.0,0.9999999999999998,0.663662364398732,True,0.8298204920852609
0.25,0.2,0.55,gb_importance,20,0.8323070641442019,20.0,0.9999999999999998,0.6209087412103262,True,0.8298204920852609
0.25,0.25,0.5,gb_importance,20,0.8323070641442019,20.0,0.9999999999999998,0.5781551180219204,True,0.8298204920852609
0.25,0.3,0.45,gb_importance,20,0.8323070641442019,20.0,0.9999999999999998,0.5354014948335146,True,0.8298204920852609
0.25,0.35,0.4,gb_importance,20,0.8323070641442019,20.0,0.9999999999999998,0.49264787164510887,True,0.8298204920852609
0.25,0.4,0.35,gb_importance,20,0.8323070641442019,20.0,0.9999999999999998,0.4498942484567031,True,0.8298204920852609
0.25,0.45,0.3,gb_importance,20,0.8323070641442019,20.0,0.9999999999999998,0.4071406252682973,True,0.8298204920852609
0.25,0.5,0.25,gb_importance,20,0.8323070641442019,20.0,0.9999999999999998,0.3643870020798915,True,0.8298204920852609
0.25,0.55,0.2,gb_importance,20,0.8323070641442019,20.0,0.9999999999999998,0.32163337889148574,True,0.8298204920852609
0.25,0.6,0.15,gb_importance,20,0.8323070641442019,20.0,0.9999999999999998,0.27887975570307993,True,0.8298204920852609
0.25,0.65,0.1,gb_importance,20,0.8323070641442019,20.0,0.9999999999999998,0.23612613251467415,True,0.8298204920852609
0.25,0.7,0.05,gb_importance,20,0.8323070641442019,20.0,0.9999999999999998,0.19337250932626837,True,0.8298204920852609
0.25,0.75,0.0,gb_importance,20,0.8323070641442019,20.0,0.9999999999999998,0.1506188861378626,True,0.8298204920852609
0.3,0.0,0.7,gb_importance,60,0.8369947368501383,60.0,0.9999999999999998,0.7489015789449583,True,0.8298204920852609
0.3,0.05,0.65,gb_importance,20,0.8323070641442019,20.0,0.9999999999999998,0.7075542575683336,True,0.8298204920852609
0.3,0.1,0.6,gb_importance,20,0.8323070641442019,20.0,0.9999999999999998,0.6648006343799278,True,0.8298204920852609
0.3,0.15,0.55,gb_importance,20,0.8323070641442019,20.0,0.9999999999999998,0.622047011191522,True,0.8298204920852609
0.3,0.2,0.5,gb_importance,20,0.8323070641442019,20.0,0.9999999999999998,0.5792933880031161,True,0.8298204920852609
0.3,0.25,0.45,gb_importance,20,0.8323070641442019,20.0,0.9999999999999998,0.5365397648147103,True,0.8298204920852609
0.3,0.3,0.4,gb_importance,20,0.8323070641442019,20.0,0.9999999999999998,0.4937861416263046,True,0.8298204920852609
0.3,0.35,0.35,gb_importance,20,0.8323070641442019,20.0,0.9999999999999998,0.45103251843789877,True,0.8298204920852609
0.3,0.4,0.3,gb_importance,20,0.8323070641442019,20.0,0.9999999999999998,0.408278895249493,True,0.8298204920852609
0.3,0.45,0.25,gb_importance,20,0.8323070641442019,20.0,0.9999999999999998,0.3655252720610872,True,0.8298204920852609
0.3,0.5,0.2,gb_importance,20,0.8323070641442019,20.0,0.9999999999999998,0.3227716488726814,True,0.8298204920852609
0.3,0.55,0.15,gb_importance,20,0.8323070641442019,20.0,0.9999999999999998,0.28001802568427564,True,0.8298204920852609
0.3,0.6,0.1,gb_importance,20,0.8323070641442019,20.0,0.9999999999999998,0.23726440249586986,True,0.8298204920852609
0.3,0.65,0.05,gb_importance,20,0.8323070641442019,20.0,0.9999999999999998,0.19451077930746408,True,0.8298204920852609
0.3,0.7,0.0,gb_importance,20,0.8323070641442019,20.0,0.9999999999999998,0.15175715611905827,True,0.8298204920852609
0.35,0.0,0.65,gb_importance,60,0.8369947368501383,60.0,0.9999999999999998,0.7070518421024515,True,0.8298204920852609
0.35,0.05,0.6,gb_importance,20,0.8323070641442019,20.0,0.9999999999999998,0.6659389043611235,True,0.8298204920852609
0.35,0.1,0.55,gb_importance,20,0.8323070641442019,20.0,0.9999999999999998,0.6231852811727177,True,0.8298204920852609
0.35,0.15,0.5,gb_importance,20,0.8323070641442019,20.0,0.9999999999999998,0.5804316579843118,True,0.8298204920852609
0.35,0.2,0.45,gb_importance,20,0.8323070641442019,20.0,0.9999999999999998,0.537678034795906,True,0.8298204920852609
0.35,0.25,0.4,gb_importance,20,0.8323070641442019,20.0,0.9999999999999998,0.4949244116075003,True,0.8298204920852609
0.35,0.3,0.35,gb_importance,20,0.8323070641442019,20.0,0.9999999999999998,0.45217078841909447,True,0.8298204920852609
0.35,0.35,0.3,gb_importance,20,0.8323070641442019,20.0,0.9999999999999998,0.4094171652306887,True,0.8298204920852609
0.35,0.4,0.25,gb_importance,20,0.8323070641442019,20.0,0.9999999999999998,0.3666635420422829,True,0.8298204920852609
0.35,0.45,0.2,gb_importance,20,0.8323070641442019,20.0,0.9999999999999998,0.3239099188538771,True,0.8298204920852609
0.35,0.5,0.15,gb_importance,20,0.8323070641442019,20.0,0.9999999999999998,0.28115629566547135,True,0.8298204920852609
0.35,0.55,0.1,gb_importance,20,0.8323070641442019,20.0,0.9999999999999998,0.23840267247706556,True,0.8298204920852609
0.35,0.6,0.05,gb_importance,20,0.8323070641442019,20.0,0.9999999999999998,0.19564904928865978,True,0.8298204920852609
0.35,0.65,0.0,gb_importance,20,0.8323070641442019,20.0,0.9999999999999998,0.15289542610025397,True,0.8298204920852609
0.4,0.0,0.6,gb_importance,60,0.8369947368501383,60.0,0.9999999999999998,0.6652021052599446,True,0.8298204920852609
0.4,0.05,0.55,gb_importance,20,0.8323070641442019,20.0,0.9999999999999998,0.6243235511539134,True,0.8298204920852609
0.4,0.1,0.5,gb_importance,20,0.8323070641442019,20.0,0.9999999999999998,0.5815699279655075,True,0.8298204920852609
0.4,0.15,0.45,gb_importance,20,0.8323070641442019,20.0,0.9999999999999998,0.5388163047771017,True,0.8298204920852609
0.4,0.2,0.4,gb_importance,20,0.8323070641442019,20.0,0.9999999999999998,0.496062681588696,True,0.8298204920852609
0.4,0.25,0.35,gb_importance,20,0.8323070641442019,20.0,0.9999999999999998,0.45330905840029023,True,0.8298204920852609
0.4,0.3,0.3,gb_importance,20,0.8323070641442019,20.0,0.9999999999999998,0.4105554352118844,True,0.8298204920852609
0.4,0.35,0.25,gb_importance,20,0.8323070641442019,20.0,0.9999999999999998,0.3678018120234786,True,0.8298204920852609
0.4,0.4,0.2,gb_importance,20,0.8323070641442019,20.0,0.9999999999999998,0.32504818883507286,True,0.8298204920852609
0.4,0.45,0.15,gb_importance,20,0.8323070641442019,20.0,0.9999999999999998,0.28229456564666705,True,0.8298204920852609
0.4,0.5,0.1,gb_importance,20,0.8323070641442019,20.0,0.9999999999999998,0.23954094245826127,True,0.8298204920852609
0.4,0.55,0.05,gb_importance,20,0.8323070641442019,20.0,0.9999999999999998,0.1967873192698555,True,0.8298204920852609
0.4,0.6,0.0,gb_importance,20,0.8323070641442019,20.0,0.9999999999999998,0.15403369608144968,True,0.8298204920852609
0.45,0.0,0.55,gb_importance,60,0.8369947368501383,60.0,0.9999999999999998,0.6233523684174377,True,0.8298204920852609
0.45,0.05,0.5,gb_importance,20,0.8323070641442019,20.0,0.9999999999999998,0.5827081979467033,True,0.8298204920852609
0.45,0.1,0.45,gb_importance,20,0.8323070641442019,20.0,0.9999999999999998,0.5399545747582974,True,0.8298204920852609
0.45,0.15,0.4,gb_importance,20,0.8323070641442019,20.0,0.9999999999999998,0.4972009515698917,True,0.8298204920852609
0.45,0.2,0.35,gb_importance,20,0.8323070641442019,20.0,0.9999999999999998,0.45444732838148594,True,0.8298204920852609
0.45,0.25,0.3,gb_importance,20,0.8323070641442019,20.0,0.9999999999999998,0.41169370519308013,True,0.8298204920852609
0.45,0.3,0.25,gb_importance,20,0.8323070641442019,20.0,0.9999999999999998,0.3689400820046743,True,0.8298204920852609
0.45,0.35,0.2,gb_importance,20,0.8323070641442019,20.0,0.9999999999999998,0.3261864588162685,True,0.8298204920852609
0.45,0.4,0.15,gb_importance,20,0.8323070641442019,20.0,0.9999999999999998,0.28343283562786276,True,0.8298204920852609
0.45,0.45,0.1,gb_importance,20,0.8323070641442019,20.0,0.9999999999999998,0.24067921243945697,True,0.8298204920852609
0.45,0.5,0.05,gb_importance,20,0.8323070641442019,20.0,0.9999999999999998,0.1979255892510512,True,0.8298204920852609
0.45,0.55,0.0,gb_importance,20,0.8323070641442019,20.0,0.9999999999999998,0.1551719660626454,True,0.8298204920852609
0.5,0.0,0.5,gb_importance,60,0.8369947368501383,60.0,0.9999999999999998,0.5815026315749308,True,0.8298204920852609
0.5,0.05,0.45,gb_importance,20,0.8323070641442019,20.0,0.9999999999999998,0.5410928447394932,True,0.8298204920852609
0.5,0.1,0.4,gb_importance,20,0.8323070641442019,20.0,0.9999999999999998,0.4983392215510874,True,0.8298204920852609
0.5,0.15,0.35,gb_importance,20,0.8323070641442019,20.0,0.9999999999999998,0.4555855983626816,True,0.8298204920852609
0.5,0.2,0.3,gb_importance,20,0.8323070641442019,20.0,0.9999999999999998,0.41283197517427583,True,0.8298204920852609
0.5,0.25,0.25,gb_importance,20,0.8323070641442019,20.0,0.9999999999999998,0.37007835198587,True,0.8298204920852609
0.5,0.3,0.2,gb_importance,20,0.8323070641442019,20.0,0.9999999999999998,0.3273247287974642,True,0.8298204920852609
0.5,0.35,0.15,gb_importance,20,0.8323070641442019,20.0,0.9999999999999998,0.28457110560905846,True,0.8298204920852609
0.5,0.4,0.1,gb_importance,20,0.8323070641442019,20.0,0.9999999999999998,0.24181748242065268,True,0.8298204920852609
0.5,0.45,0.05,gb_importance,20,0.8323070641442019,20.0,0.9999999999999998,0.1990638592322469,True,0.8298204920852609
0.5,0.5,0.0,gb_importance,20,0.8323070641442019,20.0,0.9999999999999998,0.1563102360438411,True,0.8298204920852609
0.55,0.0,0.45,gb_importance,60,0.8369947368501383,60.0,0.9999999999999998,0.5396528947324238,True,0.8298204920852609
0.55,0.05,0.4,gb_importance,20,0.8323070641442019,20.0,0.9999999999999998,0.4994774915322831,True,0.8298204920852609
0.55,0.1,0.35,gb_importance,20,0.8323070641442019,20.0,0.9999999999999998,0.45672386834387735,True,0.8298204920852609
0.55,0.15,0.3,gb_importance,20,0.8323070641442019,20.0,0.9999999999999998,0.41397024515547154,True,0.8298204920852609
0.55,0.2,0.25,gb_importance,20,0.8323070641442019,20.0,0.9999999999999998,0.37121662196706573,True,0.8298204920852609
0.55,0.25,0.2,gb_importance,20,0.8323070641442019,20.0,0.9999999999999998,0.3284629987786599,True,0.8298204920852609
0.55,0.3,0.15,gb_importance,20,0.8323070641442019,20.0,0.9999999999999998,0.28570937559025417,True,0.8298204920852609
0.55,0.35,0.1,gb_importance,20,0.8323070641442019,20.0,0.9999999999999998,0.24295575240184838,True,0.8298204920852609
0.55,0.4,0.05,gb_importance,20,0.8323070641442019,20.0,0.9999999999999998,0.2002021292134426,True,0.8298204920852609
0.55,0.45,0.0,gb_importance,20,0.8323070641442019,20.0,0.9999999999999998,0.1574485060250368,True,0.8298204920852609
0.6,0.0,0.4,gb_importance,60,0.8369947368501383,60.0,0.9999999999999998,0.49780315788991697,True,0.8298204920852609
0.6,0.05,0.35,gb_importance,20,0.8323070641442019,20.0,0.9999999999999998,0.457862138325073,True,0.8298204920852609
0.6,0.1,0.3,gb_importance,20,0.8323070641442019,20.0,0.9999999999999998,0.41510851513666724,True,0.8298204920852609
0.6,0.15,0.25,gb_importance,20,0.8323070641442019,20.0,0.9999999999999998,0.37235489194826143,True,0.8298204920852609
0.6,0.2,0.2,gb_importance,20,0.8323070641442019,20.0,0.9999999999999998,0.3296012687598556,True,0.8298204920852609
0.6,0.25,0.15,gb_importance,20,0.8323070641442019,20.0,0.9999999999999998,0.28684764557144987,True,0.8298204920852609
0.6,0.3,0.1,gb_importance,20,0.8323070641442019,20.0,0.9999999999999998,0.24409402238304406,True,0.8298204920852609
0.6,0.35,0.05,gb_importance,20,0.8323070641442019,20.0,0.9999999999999998,0.20134039919463828,True,0.8298204920852609
0.6,0.4,0.0,gb_importance,20,0.8323070641442019,20.0,0.9999999999999998,0.1585867760062325,True,0.8298204920852609
0.65,0.0,0.35,gb_importance,60,0.8369947368501383,60.0,0.9999999999999998,0.45595342104741005,True,0.8298204920852609
0.65,0.05,0.3,gb_importance,20,0.8323070641442019,20.0,0.9999999999999998,0.41624678511786295,True,0.8298204920852609
0.65,0.1,0.25,gb_importance,20,0.8323070641442019,20.0,0.9999999999999998,0.37349316192945714,True,0.8298204920852609
0.65,0.15,0.2,gb_importance,20,0.8323070641442019,20.0,0.9999999999999998,0.33073953874105133,True,0.8298204920852609
0.65,0.2,0.15,gb_importance,20,0.8323070641442019,20.0,0.9999999999999998,0.2879859155526456,True,0.8298204920852609
0.65,0.25,0.1,gb_importance,20,0.8323070641442019,20.0,0.9999999999999998,0.2452322923642398,True,0.8298204920852609
0.65,0.3,0.05,gb_importance,20,0.8323070641442019,20.0,0.9999999999999998,0.20247866917583401,True,0.8298204920852609
0.65,0.35,0.0,gb_importance,20,0.8323070641442019,20.0,0.9999999999999998,0.1597250459874282,True,0.8298204920852609
0.7,0.0,0.3,gb_importance,60,0.8369947368501383,60.0,0.9999999999999998,0.4141036842049032,True,0.8298204920852609
0.7,0.05,0.25,gb_importance,20,0.8323070641442019,20.0,0.9999999999999998,0.37463143191065285,True,0.8298204920852609
0.7,0.1,0.2,gb_importance,20,0.8323070641442019,20.0,0.9999999999999998,0.33187780872224704,True,0.8298204920852609
0.7,0.15,0.15,gb_importance,20,0.8323070641442019,20.0,0.9999999999999998,0.2891241855338413,True,0.8298204920852609
0.7,0.2,0.1,gb_importance,20,0.8323070641442019,20.0,0.9999999999999998,0.24637056234543547,True,0.8298204920852609
0.7,0.25,0.05,gb_importance,20,0.8323070641442019,20.0,0.9999999999999998,0.2036169391570297,True,0.8298204920852609
0.7,0.3,0.0,gb_importance,20,0.8323070641442019,20.0,0.9999999999999998,0.1608633159686239,True,0.8298204920852609
0.75,0.0,0.25,gb_importance,60,0.8369947368501383,60.0,0.9999999999999998,0.37225394736239625,True,0.8298204920852609
0.75,0.05,0.2,gb_importance,20,0.8323070641442019,20.0,0.9999999999999998,0.33301607870344274,True,0.8298204920852609
0.75,0.1,0.15,gb_importance,20,0.8323070641442019,20.0,0.9999999999999998,0.290262455515037,True,0.8298204920852609
0.75,0.15,0.1,gb_importance,20,0.8323070641442019,20.0,0.9999999999999998,0.24750883232663118,True,0.8298204920852609
0.75,0.2,0.05,gb_importance,20,0.8323070641442019,20.0,0.9999999999999998,0.20475520913822542,True,0.8298204920852609
0.75,0.25,0.0,gb_importance,20,0.8323070641442019,20.0,0.9999999999999998,0.16200158594981962,True,0.8298204920852609
0.8,0.0,0.2,gb_importance,60,0.8369947368501383,60.0,0.9999999999999998,0.33040421051988933,True,0.8298204920852609
0.8,0.05,0.15,gb_importance,20,0.8323070641442019,20.0,0.9999999999999998,0.2914007254962327,True,0.8298204920852609
0.8,0.1,0.1,gb_importance,20,0.8323070641442019,20.0,0.9999999999999998,0.2486471023078269,True,0.8298204920852609
0.8,0.15,0.05,gb_importance,20,0.8323070641442019,20.0,0.9999999999999998,0.20589347911942113,True,0.8298204920852609
0.8,0.2,0.0,gb_importance,20,0.8323070641442019,20.0,0.9999999999999998,0.16313985593101532,True,0.8298204920852609
0.85,0.0,0.15,gb_importance,60,0.8369947368501383,60.0,0.9999999999999998,0.2885544736773824,True,0.8298204920852609
0.85,0.05,0.1,gb_importance,20,0.8323070641442019,20.0,0.9999999999999998,0.2497853722890226,True,0.8298204920852609
0.85,0.1,0.05,gb_importance,20,0.8323070641442019,20.0,0.9999999999999998,0.2070317491006168,True,0.8298204920852609
0.85,0.15,0.0,gb_importance,20,0.8323070641442019,20.0,0.9999999999999998,0.16427812591221103,True,0.8298204920852609
0.9,0.0,0.1,gb_importance,60,0.8369947368501383,60.0,0.9999999999999998,0.24670473683487557,True,0.8298204920852609
0.9,0.05,0.05,gb_importance,20,0.8323070641442019,20.0,0.9999999999999998,0.20817001908181254,True,0.8298204920852609
0.9,0.1,0.0,gb_importance,20,0.8323070641442019,20.0,0.9999999999999998,0.16541639589340676,True,0.8298204920852609
0.95,0.0,0.05,gb_importance,60,0.8369947368501383,60.0,0.9999999999999998,0.20485499999236864,True,0.8298204920852609
0.95,0.05,0.0,gb_importance,20,0.8323070641442019,20.0,0.9999999999999998,0.16655466587460244,True,0.8298204920852609
1.0,0.0,0.0,gb_importance,60,0.8369947368501383,60.0,0.9999999999999998,0.16300526314986175,True,0.8298204920852609
